Image,GT_Class,GT_CDR,Width,Height,Source_Group,Source_Image,Source_Mask,Image_SHA256,Image_Pixels_SHA256,Mask_SHA256,GT_Cup_Height,GT_Disc_Height,Disc_Touches_Border,Selection_Reason,Split,Original_240_Role,Evaluation_Use
T0010.jpg,glaucoma,0.6914498141263941,1634,1634,REFUGE original test,Test400/T0010.jpg,REFUGE-Test-GT/Disc_Cup_Masks/G/T0010.bmp,4710e94f6fe7a860248e4a62923c4e084ca13f746bfc1f6c546066f2e5f1fdcf,fd0698c82a313031440dff93ad15f906a87757671f10177e2efa3699706428fe,89be8cfe9950e06d1316a401fbe4b952582a914726d1101760936f632cf8a7e3,186,269,False,"All 36 reused original test glaucoma cases, unchanged",test,test,outcome_selected_demonstration_NOT_independent_test
T0017.jpg,glaucoma,0.7633587786259542,1634,1634,REFUGE original test,Test400/T0017.jpg,REFUGE-Test-GT/Disc_Cup_Masks/G/T0017.bmp,3b243dac00eced977460ff1caeefc491525d04a4688553d50f4a221fe563976b,5cff16388cabadc4bb18d7af1b49a172a0415bed7a62a3598bf46a19b3bef6bc,25883aaaaad8928723b755da083dacb2df55fc1052b96cf0ed9a033044bc9fe5,200,262,False,"All 36 reused original test glaucoma cases, unchanged",test,test,outcome_selected_demonstration_NOT_independent_test
T0028.jpg,glaucoma,0.7075098814229249,1634,1634,REFUGE original test,Test400/T0028.jpg,REFUGE-Test-GT/Disc_Cup_Masks/G/T0028.bmp,0b7abaf13469599ea276ff8503f446e4a2ce510153aeaf4531e48f89a8903dae,544e6b2d13b0fddae35514d307f2e2f707fc5209a63ac662b697a3cfa3f5853d,ef9ecbb92629d883de985aa87dc4beb0ce5e227edc6b151e754032320f233407,179,253,False,"All 36 reused original test glaucoma cases, unchanged",test,test,outcome_selected_demonstration_NOT_independent_test
T0034.jpg,normal,0.4836065573770491,1634,1634,REFUGE original test,Test400/T0034.jpg,REFUGE-Test-GT/Disc_Cup_Masks/N/T0034.bmp,d11d32c0e977b74cde1e84509586aac8e999368b4eb14f41ba9ec44e412a84a3,393b59ac87062ef326a9d78eb3678916a2a0723f0f947da28cf756cc00845e2e,283bf0f18b261c44e7fe3d2ef37277067ba4f24c12bbf1e7ee973e67bc0d1a03,118,244,False,Outcome selected: both methods correctly normal AND lower Ellipse3 CDR error; seeded sample of 34,test,outside_original_240,outcome_selected_demonstration_NOT_independent_test
T0053.jpg,glaucoma,0.5818965517241379,1634,1634,REFUGE original test,Test400/T0053.jpg,REFUGE-Test-GT/Disc_Cup_Masks/G/T0053.bmp,3b67b6d54b49f55a90290cd69b0aa513b0b45abd1339e7ee3165296a9016c696,40a060de2504af2cb3cb256bf7f6c5fa517032c38d818bbcdf505f71d67069b0,1ef3af3afe8da7e3617bc3e6f9071cf72f627584933c9bd01ba2f906735de977,135,232,False,"All 36 reused original test glaucoma cases, unchanged",test,test,outcome_selected_demonstration_NOT_independent_test
T0056.jpg,normal,0.3991596638655462,1634,1634,REFUGE original test,Test400/T0056.jpg,REFUGE-Test-GT/Disc_Cup_Masks/N/T0056.bmp,f190396347a9638fea55baeb940aec512c14a1a5edf382d321f36d8675fe1064,0eccfbbb526832039153bc30bce7c88f09b7c2a684216e0a3b819be540cb83cb,373d9644bf3de5ee06b8bb1ea76ca666268e6b519b809e71f1bb8dfba50271d9,95,238,False,Outcome selected: both methods correctly normal AND lower Ellipse3 CDR error; seeded sample of 34,test,outside_original_240,outcome_selected_demonstration_NOT_independent_test
T0059.jpg,glaucoma,0.80859375,1634,1634,REFUGE original test,Test400/T0059.jpg,REFUGE-Test-GT/Disc_Cup_Masks/G/T0059.bmp,d37f74c376f9f49a3c38200f9088fb50b11e8808c9eaf7a84c56750599bd21b8,caca1c707828e9e093f089fb95ae64de24069955cb579a365b71861d522bec5a,514af7785f590ef34e3b9b954d44571b2c45ce7ace2faa14db479cdfbe777141,207,256,False,"All 36 reused original test glaucoma cases, unchanged",test,test,outcome_selected_demonstration_NOT_independent_test
T0060.jpg,normal,0.4071146245059288,1634,1634,REFUGE original test,Test400/T0060.jpg,REFUGE-Test-GT/Disc_Cup_Masks/N/T0060.bmp,cd6d1efba8110d125afaf1fa9cf721ab29d28dd3da725cc8bccec8bca2482d5a,be0d5f07f6e1f28ba3fd29b412986578904b95d75368acfeed00bfd405a47475,0759a879a5943ca9195a62553da76b1637c502b2e5f319c1a7665594a4293491,103,253,False,Outcome selected: both methods correctly normal AND lower Ellipse3 CDR error; seeded sample of 34,test,outside_original_240,outcome_selected_demonstration_NOT_independent_test
T0092.jpg,normal,0.3148936170212766,1634,1634,REFUGE original test,Test400/T0092.jpg,REFUGE-Test-GT/Disc_Cup_Masks/N/T0092.bmp,b976748cea1cc947ca6f2629a71c1ad147da498c2edfde94fd649d84304d09d6,4a78e758fb86de033ee2d939f715ba7f5562c85648bf0fdbf590e62bcd9c962a,f1ae7416ae76342e9aab061f1ab6ec92eab610056675059eee92c1e8a8b02d78,74,235,False,Outcome selected: both methods correctly normal AND lower Ellipse3 CDR error; seeded sample of 34,test,outside_original_240,outcome_selected_demonstration_NOT_independent_test
T0095.jpg,normal,0.439516129032258,1634,1634,REFUGE original test,Test400/T0095.jpg,REFUGE-Test-GT/Disc_Cup_Masks/N/T0095.bmp,62f6668f0e9bb16a6a0b62e4b3068d654c033fb4541a2ccf472099b9a4b5c1ee,5d18f4b058d093e1c69be9f17631b774e7fbda3651c9a284b2b847019c37369c,271ed9dab7d93fe533ff5ec5f4b079ab50454099d5048f827f69bfe5474b43ea,109,248,False,Outcome selected: both methods correctly normal AND lower Ellipse3 CDR error; seeded sample of 34,test,outside_original_240,outcome_selected_demonstration_NOT_independent_test
T0136.jpg,normal,0.4618320610687023,1634,1634,REFUGE original test,Test400/T0136.jpg,REFUGE-Test-GT/Disc_Cup_Masks/N/T0136.bmp,d0e4bb2ab7423042850e20f8286380e51ecf97d15f0224203f8f53f1c43267f0,1714d2c4f5937364d05707c628dea314f0314e93e260a44e33b6718d07410a6e,606dc34d5607b7dd7d1102fc1c4abf6bb2da6401ae85ec541e492e062be3abd6,121,262,False,Outcome selected: both methods correctly normal AND lower Ellipse3 CDR error; seeded sample of 34,test,outside_original_240,outcome_selected_demonstration_NOT_independent_test
T0188.jpg,glaucoma,0.6266666666666667,1634,1634,REFUGE original test,Test400/T0188.jpg,REFUGE-Test-GT/Disc_Cup_Masks/G/T0188.bmp,0524c58779c5b29441521c46aebdc2ba354f82f67f6becde4de47044ba6f6ab9,20bd10e94cfbb468ff501c30996bb3bd5d01edb9756e171fa127fb54e3059610,980739b70feb7930fa8ce0222ced0fe51b55531f8884cdcdcabd658b6af58e92,141,225,False,"All 36 reused original test glaucoma cases, unchanged",test,test,outcome_selected_demonstration_NOT_independent_test
T0212.jpg,glaucoma,0.6099585062240664,1634,1634,REFUGE original test,Test400/T0212.jpg,REFUGE-Test-GT/Disc_Cup_Masks/G/T0212.bmp,59c12c6ab7875039b073c59f3996fd140d95287aa5c7b32c9c86dd9ed7dd62cc,4b2e407ee00e4e5fd64ef73d6ee44b82065f5137b89f1420b3f0a96d90335a94,03d1ce9845f92c65dbbadfdacf8ba7f316ed3ff921be8fea928fd97cf082a6f2,147,241,False,"All 36 reused original test glaucoma cases, unchanged",test,test,outcome_selected_demonstration_NOT_independent_test
T0215.jpg,normal,0.4117647058823529,1634,1634,REFUGE original test,Test400/T0215.jpg,REFUGE-Test-GT/Disc_Cup_Masks/N/T0215.bmp,1ca8ca911bbf81237f2fed7e214b229dcf4564e48dc730771eb2964df2d6959b,67748d4238ba6fd5326f4ba617c9c996704babc3390fe3d3d2d986f9dedfe668,6ac5008a162c3b0e789a0a1031d8851211c803b224e45d5d08477ef4db553d55,91,221,False,Outcome selected: both methods correctly normal AND lower Ellipse3 CDR error; seeded sample of 34,test,outside_original_240,outcome_selected_demonstration_NOT_independent_test
T0234.jpg,glaucoma,0.6791044776119403,1634,1634,REFUGE original test,Test400/T0234.jpg,REFUGE-Test-GT/Disc_Cup_Masks/G/T0234.bmp,4496a64b6f5993158797401d039b6c4b80a55664e868217254474af45afe84e8,6df96281544763cc0c286b24d4858efa24a379ed1d68079a5008b2e7f872cb23,c8eb6d1e227418a9783e97469c0fdd48dda4df10a45eb4b421ccf7749981f534,182,268,False,"All 36 reused original test glaucoma cases, unchanged",test,test,outcome_selected_demonstration_NOT_independent_test
T0263.jpg,glaucoma,0.6541095890410958,1634,1634,REFUGE original test,Test400/T0263.jpg,REFUGE-Test-GT/Disc_Cup_Masks/G/T0263.bmp,6b4a0f6d8be7c8440c4aa530b10ef7a22209bed7b730f468b06af6d2b9d00355,64348a625ddc9d721d24559a6ebec255df6b67881ece7780eb374eefa67530d7,d3ceae368886d76124cc122fca4a2900a149eea8fb696907cfe2da70cc8884ff,191,292,False,"All 36 reused original test glaucoma cases, unchanged",test,test,outcome_selected_demonstration_NOT_independent_test
T0271.jpg,glaucoma,0.8166666666666667,1634,1634,REFUGE original test,Test400/T0271.jpg,REFUGE-Test-GT/Disc_Cup_Masks/G/T0271.bmp,9ea791568d5fc70ae5de7973d112f98a88194f819a901ccbdf881e122e04d102,f6010ae5ff52cd898dc59dca057d2ec515a650f3673d35d0b1e1641dc584e24d,a1321d67fa00db4f0c0622888a0319be7b8351584338afee1312b5ea2d2c7ff8,196,240,False,"All 36 reused original test glaucoma cases, unchanged",test,test,outcome_selected_demonstration_NOT_independent_test
T0274.jpg,normal,0.4556962025316455,1634,1634,REFUGE original test,Test400/T0274.jpg,REFUGE-Test-GT/Disc_Cup_Masks/N/T0274.bmp,e07b9f64434b0d38434acab02895a73ccc6620ad5e1ecba573665250871d43c4,15bd4c3ea223193a0ba31e1b233a5b2b99daadcb70479577e27aa162e8a27837,3c3b32aea0facc7d365817454d964a0568aa9d592ac11b818be20f808dec83b9,108,237,False,Outcome selected: both methods correctly normal AND lower Ellipse3 CDR error; seeded sample of 34,test,outside_original_240,outcome_selected_demonstration_NOT_independent_test
T0295.jpg,glaucoma,0.7420634920634921,1634,1634,REFUGE original test,Test400/T0295.jpg,REFUGE-Test-GT/Disc_Cup_Masks/G/T0295.bmp,f12d8887820c810de4b65b644205ed45a2ccdc459abe8a41924b520e263343f7,81f8473c38bb49c8e95ddaf3098c9de98b2d377eb78eecc85e26a9edb664eca4,f50d3f36188ff6d761bd500a4a55165d6a13369e551403cb372ca1d9f841fc89,187,252,False,"All 36 reused original test glaucoma cases, unchanged",test,test,outcome_selected_demonstration_NOT_independent_test
T0309.jpg,normal,0.5409252669039146,1634,1634,REFUGE original test,Test400/T0309.jpg,REFUGE-Test-GT/Disc_Cup_Masks/N/T0309.bmp,229b604db37ea7114ca17120f19861a8eaea1edcfee6409506831cb81227fc0a,cebc90405a4f46fe385b377738b5fe97518a3c100ff7375b34bea4ed238ea3ce,8d99534135b392125dd705125feab16b5fb6b00b5bb82c974c8f5b02c23fdfeb,152,281,False,Outcome selected: both methods correctly normal AND lower Ellipse3 CDR error; seeded sample of 34,test,outside_original_240,outcome_selected_demonstration_NOT_independent_test
T0313.jpg,normal,0.4333333333333333,1634,1634,REFUGE original test,Test400/T0313.jpg,REFUGE-Test-GT/Disc_Cup_Masks/N/T0313.bmp,3e1bc2e46e921e0f8e77d0c12ccce7140324cd1813e0fcf3cee24bb1d9b8d8eb,045a36391cd777f860dae12ffec3b28ab7547e25545630b75d2ce391812b68e5,dd81afb7972e85189025562bef4b383747e8de8a833f9deeeb0ab1871771ed9b,104,240,False,Outcome selected: both methods correctly normal AND lower Ellipse3 CDR error; seeded sample of 34,test,outside_original_240,outcome_selected_demonstration_NOT_independent_test
T0321.jpg,normal,0.4659863945578231,1634,1634,REFUGE original test,Test400/T0321.jpg,REFUGE-Test-GT/Disc_Cup_Masks/N/T0321.bmp,2449208322bbf830869df354780e7c8f72e69c00cfd4b24caf96da8f39239f2e,07fcfb2f7054c2cab7d9b960243d4a6b8f91a9ba32ec8ce6686acbe53c88fa31,c3b58bdaccd552c9419bacd585737ebf1f3c33c1970eb525e154a25b09bbf14d,137,294,False,Outcome selected: both methods correctly normal AND lower Ellipse3 CDR error; seeded sample of 34,test,outside_original_240,outcome_selected_demonstration_NOT_independent_test
T0326.jpg,normal,0.5,1634,1634,REFUGE original test,Test400/T0326.jpg,REFUGE-Test-GT/Disc_Cup_Masks/N/T0326.bmp,c3baf8d2572f005927016b8099fff363a1ba1b48ec0a15c42c719099355e5315,e99a016f7ddaa5a59547bbf846ad2f0db503c66028d7cfd4ef27006766dddef8,4d4c0490d356b5dd17198b279419b6edc33ecfc24d83babc5e6973069b6c167e,126,252,False,Outcome selected: both methods correctly normal AND lower Ellipse3 CDR error; seeded sample of 34,test,outside_original_240,outcome_selected_demonstration_NOT_independent_test
T0342.jpg,glaucoma,0.7416666666666667,1634,1634,REFUGE original test,Test400/T0342.jpg,REFUGE-Test-GT/Disc_Cup_Masks/G/T0342.bmp,db37103bb4116b994b5ef90c1b2fb1f4f79f377f5c5f81b8fcb96504d56de4da,29631e5db1ed49aacaa921542965d54a86e8f8a35d3b6a46216aaf9e550a839e,0ce64c2ab3c85aa0c3319dbcfae9ca797d2302a981b28a49545cd2a06c1dfe11,178,240,False,"All 36 reused original test glaucoma cases, unchanged",test,test,outcome_selected_demonstration_NOT_independent_test
T0344.jpg,normal,0.5513307984790875,1634,1634,REFUGE original test,Test400/T0344.jpg,REFUGE-Test-GT/Disc_Cup_Masks/N/T0344.bmp,fead2dd4051c347fd9dfcbede1f1646372c42ab5bd7ffa91492683e129244567,54f1351bbb30aecfccdb5e40bce9d2b07fce4ebc11351d386abc0af8a3c1b0fc,589c3087c844190eb5239958abc788c0c2f989fa0c569a69cd0ad4aa2f447337,145,263,False,Outcome selected: both methods correctly normal AND lower Ellipse3 CDR error; seeded sample of 34,test,outside_original_240,outcome_selected_demonstration_NOT_independent_test
T0351.jpg,normal,0.525,1634,1634,REFUGE original test,Test400/T0351.jpg,REFUGE-Test-GT/Disc_Cup_Masks/N/T0351.bmp,1bf8f852ad60af22e163cfc73d2d93f1c05303812a6dbc3dca9393ad0cbb0bee,58d88f6f374a9d8a28d4660b12ff52b9a6ebdeb29c8e9367b586359e12609952,9748aba79dafb863378527b21e6865a8685caeed055e0eb98498182fb0e18148,147,280,False,Outcome selected: both methods correctly normal AND lower Ellipse3 CDR error; seeded sample of 34,test,outside_original_240,outcome_selected_demonstration_NOT_independent_test
T0363.jpg,glaucoma,0.7389558232931727,1634,1634,REFUGE original test,Test400/T0363.jpg,REFUGE-Test-GT/Disc_Cup_Masks/G/T0363.bmp,da334042bd83f8e4679a18c0caa91e691ee7c9a833ae24dfc8e09a843a19da94,62b349b65ffb6ac6906d2cef1c6325067eea5b5ff42d000b6d15ad7c6ecd9438,560e1e13d14a43e8762ea40f94175e2dbb7cafc8f2ea3cc7cef27a3d2a66b1ba,184,249,False,"All 36 reused original test glaucoma cases, unchanged",test,test,outcome_selected_demonstration_NOT_independent_test
T0370.jpg,glaucoma,0.697841726618705,1634,1634,REFUGE original test,Test400/T0370.jpg,REFUGE-Test-GT/Disc_Cup_Masks/G/T0370.bmp,4e617bc8009cd89bceab59c9bd94c4ccd27781947fc2bf4d0c7f88c6622c9f02,963b8cfac3a263867c79b02f7e8b96edf64705fa9576a6e2b60d47c00407d7e7,c0a30d4ef23e2eb98ffe0ffc2723f48b82fb2cb1fa83116258973cf8c7fd2232,194,278,False,"All 36 reused original test glaucoma cases, unchanged",test,test,outcome_selected_demonstration_NOT_independent_test
T0385.jpg,normal,0.604,1634,1634,REFUGE original test,Test400/T0385.jpg,REFUGE-Test-GT/Disc_Cup_Masks/N/T0385.bmp,94839e5a235ff66adb632395e02325b19d84df93d7c09c0177e8a0eee2e26762,d972d13f316d1a7c6f9fbab4b217ac258c55a73d214d128bd2d17a36fc9e8c77,88570d0ed5b06a987241f94a98b8cf2389cbe56e20fc376f19b60625e8481bc5,151,250,False,Outcome selected: both methods correctly normal AND lower Ellipse3 CDR error; seeded sample of 34,test,outside_original_240,outcome_selected_demonstration_NOT_independent_test
T0395.jpg,normal,0.585820895522388,1634,1634,REFUGE original test,Test400/T0395.jpg,REFUGE-Test-GT/Disc_Cup_Masks/N/T0395.bmp,494c21449343b3c14b9aebd239af1f620f61f27605256f90c5a4772dcfb516a6,7a93f1d027b0273b3edc61a9c13ebdde09094e90eec6628e38e05513787f0115,8ed66594507b03348bc4ac6a9db33535cc511dd949965fe417bc63adfc56eb20,157,268,False,Outcome selected: BBox false positive corrected by Ellipse3 AND lower CDR error; top 2 threshold margins,test,outside_original_240,outcome_selected_demonstration_NOT_independent_test
T0397.jpg,glaucoma,0.7710843373493976,1634,1634,REFUGE original test,Test400/T0397.jpg,REFUGE-Test-GT/Disc_Cup_Masks/G/T0397.bmp,40f1a89de53af99bd87faef427591bfb5b285d9bb216d8932f65f7b696f8b4db,ea834a4bfaa9be5c7f853a323bc449c91f87443f20ebc20ae044a32170297f66,ecf9b8c7ba687ac1a25f4855234c0818f4406a25f823a09b17986b1361680a3b,192,249,False,"All 36 reused original test glaucoma cases, unchanged",test,test,outcome_selected_demonstration_NOT_independent_test
V0026.jpg,glaucoma,0.6470588235294118,1634,1634,REFUGE original validation,REFUGE-Validation400/REFUGE-Validation400/V0026.jpg,REFUGE-Validation400-GT/REFUGE-Validation400-GT/Disc_Cup_Masks/V0026.bmp,9cfdea0ed58a78a057e81a103c31fe424c5a820fc4af88cd31595435dfb3c15c,7da5b6690e2418c75e737c9422f516e89c76b0c68cf44d7a84f60daa67313157,2366a14f40de0b5110694e7d97f860838e6a5ba30405dde024009d0b403562ee,165,255,False,"All 36 reused original test glaucoma cases, unchanged",test,test,outcome_selected_demonstration_NOT_independent_test
V0043.jpg,normal,0.5313807531380753,1634,1634,REFUGE original validation,REFUGE-Validation400/REFUGE-Validation400/V0043.jpg,REFUGE-Validation400-GT/REFUGE-Validation400-GT/Disc_Cup_Masks/V0043.bmp,1b1efea83b5ec9d7705eaa08a34aaf410aed1f349225482a17f84d714b8ccb77,ba8214f7b95efbbeaa055b670dd0ed463c34d3571a771b0ff2e3bfdf3abfcf41,8095bac7ec55d91d8b78207fad54df943f5710aed33ec4ef983f1091a1dd37a5,127,239,False,Outcome selected: both methods correctly normal AND lower Ellipse3 CDR error; seeded sample of 34,test,outside_original_240,outcome_selected_demonstration_NOT_independent_test
V0049.jpg,glaucoma,0.7414448669201521,1634,1634,REFUGE original validation,REFUGE-Validation400/REFUGE-Validation400/V0049.jpg,REFUGE-Validation400-GT/REFUGE-Validation400-GT/Disc_Cup_Masks/V0049.bmp,889decb84505c6741c05488259687e2cecd098005c89d76b8c1d7c59c21a6355,6e583803b9fdcc731e005accf36c8d61df1cb0802fa1aae5792db22cac11e6dc,a0684cc7a3dbc264471325ff6acf7a437f6b1226738a7650a46d3e5ae59b6613,195,263,False,"All 36 reused original test glaucoma cases, unchanged",test,test,outcome_selected_demonstration_NOT_independent_test
V0098.jpg,glaucoma,0.5015873015873016,1634,1634,REFUGE original validation,REFUGE-Validation400/REFUGE-Validation400/V0098.jpg,REFUGE-Validation400-GT/REFUGE-Validation400-GT/Disc_Cup_Masks/V0098.bmp,93351c675be1a1a48a1942f2472c3724d545a4814de04a9b338e7e6c7721310b,30292f0eecc266476c7dd6f3613bf5d03fc86b15b3726d213bfcfeb446efe3a0,db2df6ce79340490fb5546949cb9043ecd37a60c1a73a2261e84966cc43d6633,158,315,False,"All 36 reused original test glaucoma cases, unchanged",test,test,outcome_selected_demonstration_NOT_independent_test
V0113.jpg,normal,0.51985559566787,1634,1634,REFUGE original validation,REFUGE-Validation400/REFUGE-Validation400/V0113.jpg,REFUGE-Validation400-GT/REFUGE-Validation400-GT/Disc_Cup_Masks/V0113.bmp,bd13eeed5dd856bd02ef6170c132f7c08c8adc91bc752056c36b59c162e0cf78,87aec678ac0355030171a6f1b9d82853c2098e9e2c44ddae82431a755ac04239,0c0af9ca9fdded92bb89f011ea1b884ff39defa48ed37bdf9cdba718b582a9ad,144,277,False,Outcome selected: both methods correctly normal AND lower Ellipse3 CDR error; seeded sample of 34,test,outside_original_240,outcome_selected_demonstration_NOT_independent_test
V0128.jpg,glaucoma,0.6126482213438735,1634,1634,REFUGE original validation,REFUGE-Validation400/REFUGE-Validation400/V0128.jpg,REFUGE-Validation400-GT/REFUGE-Validation400-GT/Disc_Cup_Masks/V0128.bmp,092e3b473ec782c7772704e719b861cc145542890f8874445a965af4c7dd2cf7,fe8bdb250d1c9a019687259878485da6db9085dcdf478fea14624c4604ac4670,a0d205af6ef14dbe17b1bdf0bbcfd9bb00870b1ce71bf252e0a736e4b586026b,155,253,False,"All 36 reused original test glaucoma cases, unchanged",test,test,outcome_selected_demonstration_NOT_independent_test
V0129.jpg,normal,0.3230769230769231,1634,1634,REFUGE original validation,REFUGE-Validation400/REFUGE-Validation400/V0129.jpg,REFUGE-Validation400-GT/REFUGE-Validation400-GT/Disc_Cup_Masks/V0129.bmp,dc932241d1b3c1cd82e6bbd2470a4315e48ff063c44660a1fadf8a6e26374492,5b87af691547b7dcd3430b2182685eec7d8ef3d04a27adec4b630ab17d7e5ee3,3ae58f573cb2ca62f4acac9d766d14918dc08d7d64572827f1ac4c8bc2cc09a1,84,260,False,Outcome selected: both methods correctly normal AND lower Ellipse3 CDR error; seeded sample of 34,test,outside_original_240,outcome_selected_demonstration_NOT_independent_test
V0167.jpg,normal,0.5034013605442177,1634,1634,REFUGE original validation,REFUGE-Validation400/REFUGE-Validation400/V0167.jpg,REFUGE-Validation400-GT/REFUGE-Validation400-GT/Disc_Cup_Masks/V0167.bmp,cd24180a670ba04949d8909555fb8538a33fbf9edf616c09c53f0bd7d1c8730c,6e20316de2c9515591203529060f79647f092f71d0932bdb66f9fc4123a0a098,af51cc4ef6d4be4412e1cf96b9c81837c17409d63724e0a9be250f6e4745c6c1,148,294,False,Outcome selected: BBox false positive corrected by Ellipse3 AND lower CDR error; top 2 threshold margins,test,outside_original_240,outcome_selected_demonstration_NOT_independent_test
V0182.jpg,normal,0.405,1634,1634,REFUGE original validation,REFUGE-Validation400/REFUGE-Validation400/V0182.jpg,REFUGE-Validation400-GT/REFUGE-Validation400-GT/Disc_Cup_Masks/V0182.bmp,6b7e9380e8c79d253c3795cc7cc651c01f08da8ca2308cc2d3a6628d61b37729,7b0b9a6fcacae6b15190d038abe9d9ddefd331458ea4db0a0154db7843172d62,334aa46048f22fac181eeff5a0bb9f3426051d233705bf039239125f75c08e4c,81,200,False,Outcome selected: both methods correctly normal AND lower Ellipse3 CDR error; seeded sample of 34,test,outside_original_240,outcome_selected_demonstration_NOT_independent_test
V0195.jpg,normal,0.4199288256227758,1634,1634,REFUGE original validation,REFUGE-Validation400/REFUGE-Validation400/V0195.jpg,REFUGE-Validation400-GT/REFUGE-Validation400-GT/Disc_Cup_Masks/V0195.bmp,5dbf5d8a0748f83e740b96e9e4a3630ef332d6e7647ebb45b89910601690a39e,b6816c020b7f6520f1b6332e6c4cf0c47637e0c8e6bd3ee5af5851250c8877e3,f82f2ad4e1feacd3d9ec1746f8658904af8433ec3b58e279d32a9d33c26d9857,118,281,False,Outcome selected: both methods correctly normal AND lower Ellipse3 CDR error; seeded sample of 34,test,outside_original_240,outcome_selected_demonstration_NOT_independent_test
V0296.jpg,normal,0.4268292682926829,1634,1634,REFUGE original validation,REFUGE-Validation400/REFUGE-Validation400/V0296.jpg,REFUGE-Validation400-GT/REFUGE-Validation400-GT/Disc_Cup_Masks/V0296.bmp,6b29b91a21744f6a9287fa863b9c049555407d1f22270478c1afd5470b84b724,adb1e586c623c95b32599125daf9556efe42af4869b03bdc0bc422fe2e76b833,17ad3856af477021826cf4aa6381b5e4cd8fa80435e51ade1910abead5a25da0,105,246,False,Outcome selected: both methods correctly normal AND lower Ellipse3 CDR error; seeded sample of 34,test,outside_original_240,outcome_selected_demonstration_NOT_independent_test
V0299.jpg,normal,0.4085106382978723,1634,1634,REFUGE original validation,REFUGE-Validation400/REFUGE-Validation400/V0299.jpg,REFUGE-Validation400-GT/REFUGE-Validation400-GT/Disc_Cup_Masks/V0299.bmp,4e1caa98e7f6c2bb3563d6584a97354b194ee166ddbe62e1f30f7d5b741c0359,5226f0ec49845d98b92c93c8a350649975e9b84da8384d3500696fcf49121c8e,42558c8cf97a1453506f4ff884770ade5e69ffedd30452c02cc43899b059a3db,96,235,False,Outcome selected: both methods correctly normal AND lower Ellipse3 CDR error; seeded sample of 34,test,outside_original_240,outcome_selected_demonstration_NOT_independent_test
V0313.jpg,normal,0.4541984732824427,1634,1634,REFUGE original validation,REFUGE-Validation400/REFUGE-Validation400/V0313.jpg,REFUGE-Validation400-GT/REFUGE-Validation400-GT/Disc_Cup_Masks/V0313.bmp,892f5142eb345a2f67fb7f48319739e308f4f9275956f4d6bcce3a0236ec15d1,148ae307144297110b3d52539773a73873abdd071608857bc3d1c28701ed7e40,f6ab0b4f074016f63c06528a849232f2991bbc4846c768c66c3ee2042b0c13c4,119,262,False,Outcome selected: both methods correctly normal AND lower Ellipse3 CDR error; seeded sample of 34,test,outside_original_240,outcome_selected_demonstration_NOT_independent_test
V0323.jpg,normal,0.3983050847457627,1634,1634,REFUGE original validation,REFUGE-Validation400/REFUGE-Validation400/V0323.jpg,REFUGE-Validation400-GT/REFUGE-Validation400-GT/Disc_Cup_Masks/V0323.bmp,c45377e962c37802259f42c2dd2f2ff84a870dff21b3456824ca28defad55a79,9b93b99a29d810c619f26522a2fda04d27055a0c94dcea6db51442129e7d4ada,c6bfe1a95a2043e7107c792642ba65abe9800636dd38808fea6fe327344bb48a,94,236,False,Outcome selected: both methods correctly normal AND lower Ellipse3 CDR error; seeded sample of 34,test,outside_original_240,outcome_selected_demonstration_NOT_independent_test
V0336.jpg,normal,0.4659090909090909,1634,1634,REFUGE original validation,REFUGE-Validation400/REFUGE-Validation400/V0336.jpg,REFUGE-Validation400-GT/REFUGE-Validation400-GT/Disc_Cup_Masks/V0336.bmp,bba61a253501273c9a3110120a42e3d5226e1079b3ffc018ef9393dc2992b2f0,a4d71d9efcbc13dbd401a72a618dfae0fe4c15a6ffa2029421ec240c1e777482,d0c23ff0d9e42b9737eb61a9a3d17f242a81345f5b78fadca0784ccf262c08cb,123,264,False,Outcome selected: both methods correctly normal AND lower Ellipse3 CDR error; seeded sample of 34,test,outside_original_240,outcome_selected_demonstration_NOT_independent_test
V0383.jpg,glaucoma,0.7802197802197802,1634,1634,REFUGE original validation,REFUGE-Validation400/REFUGE-Validation400/V0383.jpg,REFUGE-Validation400-GT/REFUGE-Validation400-GT/Disc_Cup_Masks/V0383.bmp,ca1436a0d11afce9677e8adea15290436ad3d069171e45282f2f9ddc610d316c,7b7b4d6bb710f09d1baa27ea3e04d06eef201d2802ad605c8d5834e45dfd742f,82a12adeed84be19bf4ba9fe0e9c8efe59c6e6fefed0e05cea9edf18727cbc42,213,273,False,"All 36 reused original test glaucoma cases, unchanged",test,test,outcome_selected_demonstration_NOT_independent_test
g0001.jpg,glaucoma,0.6242937853107344,2124,2056,REFUGE original training,REFUGE-Training400/Training400/Glaucoma/g0001.jpg,Annotation-Training400/Disc_Cup_Masks/Glaucoma/g0001.bmp,0a4f31c9772a8c42c6b25465641af334077a1ae9733e2562a56a6bdbc6a39d89,f39a3e73fb44df5eb06709a3ed58dcdae03fcda283e7b6103e1cc9b9f8e70f32,d0031c69438ff09114861679a891bd198ce64ce125ee0182815631f888d1f341,221,354,False,"All 36 reused original test glaucoma cases, unchanged",test,test,outcome_selected_demonstration_NOT_independent_test
g0002.jpg,glaucoma,0.8028985507246377,2124,2056,REFUGE original training,REFUGE-Training400/Training400/Glaucoma/g0002.jpg,Annotation-Training400/Disc_Cup_Masks/Glaucoma/g0002.bmp,6726523e7d81f6ca48cfe6b5f8037285a843e71ea358c09f29b128acc6ef9c1b,f64150cedc3522a6e409144400e95d6b8c7188c79e205f1e607f28cb3f112cf4,d00c8fe80929884e54b2e1ce7d3a477f795b0a0fdc62ae5f7ca1e590dbb360a9,277,345,False,"All 36 reused original test glaucoma cases, unchanged",test,test,outcome_selected_demonstration_NOT_independent_test
g0003.jpg,glaucoma,0.7910447761194029,2124,2056,REFUGE original training,REFUGE-Training400/Training400/Glaucoma/g0003.jpg,Annotation-Training400/Disc_Cup_Masks/Glaucoma/g0003.bmp,aecd15dec6bb01037a377b752c6754e42ebf47ce2def020e08f3d9f810325ce2,6866611678625dd10db225f59f412711a6e3b04656c2d1de72ffe1851ccd078f,11731638e64540054d436c7dceb49531b5c9bc979d5da85874eb957b9e431e4c,212,268,False,"All 36 reused original test glaucoma cases, unchanged",test,test,outcome_selected_demonstration_NOT_independent_test
g0006.jpg,glaucoma,0.7130434782608696,2124,2056,REFUGE original training,REFUGE-Training400/Training400/Glaucoma/g0006.jpg,Annotation-Training400/Disc_Cup_Masks/Glaucoma/g0006.bmp,dcc45166ef71eb58f50d285dc40027a11e73f8b790ac3448b2845402cd80de52,d5bb9fbf192b096106cdde6bfb8adedbe638e5af32e66dd467ab978e62e45e41,c47e04db37f5fa732634b35829b54ec5184d44cd890e0796aa4e6ee89b859aa9,246,345,False,"All 36 reused original test glaucoma cases, unchanged",test,test,outcome_selected_demonstration_NOT_independent_test
g0009.jpg,glaucoma,0.5066225165562914,2124,2056,REFUGE original training,REFUGE-Training400/Training400/Glaucoma/g0009.jpg,Annotation-Training400/Disc_Cup_Masks/Glaucoma/g0009.bmp,b0d8692de89102f9c4df947dd70ce4b947227480d817a337ad47912867746217,d5962c44ddc643a95af1763e3eaa3eb45e9781f9f5ecb902e0535e3fa0f6118f,1093a4370f0da7cc987a396951cb7100ad849487ebd9c8042c49344fc8b8c358,153,302,False,"All 36 reused original test glaucoma cases, unchanged",test,test,outcome_selected_demonstration_NOT_independent_test
g0010.jpg,glaucoma,0.6305732484076433,2124,2056,REFUGE original training,REFUGE-Training400/Training400/Glaucoma/g0010.jpg,Annotation-Training400/Disc_Cup_Masks/Glaucoma/g0010.bmp,b6b0ce64addd08529276ca0348d2c41efa2db6bc39f8af0b9f25e30e3f9a736c,5a91cd3db2ff232eb402ef6e38b53f3e0388d3129c94a1f01ec8fd191413551d,ecf1fca4b00c6aa406af3ef13207e9899215ce56adb694cbd248c71a84906964,198,314,False,"All 36 reused original test glaucoma cases, unchanged",test,test,outcome_selected_demonstration_NOT_independent_test
g0018.jpg,glaucoma,0.8947368421052632,2124,2056,REFUGE original training,REFUGE-Training400/Training400/Glaucoma/g0018.jpg,Annotation-Training400/Disc_Cup_Masks/Glaucoma/g0018.bmp,e648fe978a908b315173c1096a8cd9d18c7d9369ff6617cc7d269724cbd440b4,648dabe317dd56d3b0e907266b6175a3ca0288a6f208590df52b89f51547439e,8d7731f02d3db3bb027068a661a69a2c78c1495167040f46b176b7ce48786fcd,289,323,False,"All 36 reused original test glaucoma cases, unchanged",test,test,outcome_selected_demonstration_NOT_independent_test
g0019.jpg,glaucoma,0.6242236024844721,2124,2056,REFUGE original training,REFUGE-Training400/Training400/Glaucoma/g0019.jpg,Annotation-Training400/Disc_Cup_Masks/Glaucoma/g0019.bmp,9486049cb1623a8c45ee6880c143bfebe020bac01e30745525aa6b69dfd79c73,3f8261465a1aa897839244cb01b2f6ab304e3d6f33409972ff587f5aebe8c190,1df6c86808f2e35085c3de28a58276802c7324b31e3bf4a6bc7d8abec9fb30df,201,322,False,"All 36 reused original test glaucoma cases, unchanged",test,test,outcome_selected_demonstration_NOT_independent_test
g0023.jpg,glaucoma,0.5472779369627507,2124,2056,REFUGE original training,REFUGE-Training400/Training400/Glaucoma/g0023.jpg,Annotation-Training400/Disc_Cup_Masks/Glaucoma/g0023.bmp,05e531f9643701b662050beacfd4fed493c93553d75a6f601e519a7c9584b389,2d5b0f21d57220fae01c6780881d54f175a5690946fce8b5969ae618a76ed27b,5fdbca92a0f19349452389558e36643bace7a67d658ae89e83b7a15764799b8d,191,349,False,"All 36 reused original test glaucoma cases, unchanged",test,test,outcome_selected_demonstration_NOT_independent_test
g0024.jpg,glaucoma,0.6987951807228916,2124,2056,REFUGE original training,REFUGE-Training400/Training400/Glaucoma/g0024.jpg,Annotation-Training400/Disc_Cup_Masks/Glaucoma/g0024.bmp,7becb91d5306663e85b74f8061506965258789e2fde971a69e935d2dc4c2d8ab,a5f1a77b6a083d9b37bec4c11d626467aad6d50f6735b484d63f6a184db180b5,bdfca95a4e660576da937850eef6b5b6bbf11493517cff0853042432882e5f81,232,332,False,"All 36 reused original test glaucoma cases, unchanged",test,test,outcome_selected_demonstration_NOT_independent_test
g0026.jpg,glaucoma,0.8882175226586103,2124,2056,REFUGE original training,REFUGE-Training400/Training400/Glaucoma/g0026.jpg,Annotation-Training400/Disc_Cup_Masks/Glaucoma/g0026.bmp,b57ffab508334f66509a89c95ed4c47198f0f2b42b6f70d21e174391f34c80ad,68a6f586b3660478acd59cd0d200250d7afa46394fbac19b977fddc89732c739,c5f8ab4707ddd3f3db45df84b9b81b61ffab49c599648243851f253bc8827c3c,294,331,False,"All 36 reused original test glaucoma cases, unchanged",test,test,outcome_selected_demonstration_NOT_independent_test
g0028.jpg,glaucoma,0.7931034482758621,2124,2056,REFUGE original training,REFUGE-Training400/Training400/Glaucoma/g0028.jpg,Annotation-Training400/Disc_Cup_Masks/Glaucoma/g0028.bmp,cc01079fc78cc983d506737c8354abd2feb5aa2e184f6f1e4c98a0aace853347,24da87092389c6ad41cc622e60a7dccd19180f1226e7118d52e84b4b19394435,8b4a98a81130b921fae034c9b4285ac7f1c7982f539f198d48e2f0d52e5c6219,230,290,False,"All 36 reused original test glaucoma cases, unchanged",test,test,outcome_selected_demonstration_NOT_independent_test
g0029.jpg,glaucoma,0.636986301369863,2124,2056,REFUGE original training,REFUGE-Training400/Training400/Glaucoma/g0029.jpg,Annotation-Training400/Disc_Cup_Masks/Glaucoma/g0029.bmp,2cf6a80016d6e18f30933c3dc1ba133efa2c919eff9d28ae37e75fb04b6c1a5b,9e756089fbacb2346d2726528f52373d60f4cf7bd38e09bb7678ddac292dd301,4e39d4120dbf796d4e2b7cf3cfea776f0507a883ac58195eb38184f634f084da,186,292,False,"All 36 reused original test glaucoma cases, unchanged",test,test,outcome_selected_demonstration_NOT_independent_test
g0031.jpg,glaucoma,0.7869415807560137,2124,2056,REFUGE original training,REFUGE-Training400/Training400/Glaucoma/g0031.jpg,Annotation-Training400/Disc_Cup_Masks/Glaucoma/g0031.bmp,09965ddd82b1b4c44c90f8e7fc8769bffb4ac22d4c5ce3039dccf39e6c2ddc03,bc7b7097e81b47272fec7537b7cd1821b755acc3f40495828f932980f437e82b,d3dabd4fe1049cda529720e7db46834562916ad0238c9c1b4b1e1e68b44f73ce,229,291,False,"All 36 reused original test glaucoma cases, unchanged",test,test,outcome_selected_demonstration_NOT_independent_test
g0038.jpg,glaucoma,0.7596439169139466,2124,2056,REFUGE original training,REFUGE-Training400/Training400/Glaucoma/g0038.jpg,Annotation-Training400/Disc_Cup_Masks/Glaucoma/g0038.bmp,c84b9657f4840ae68c7b7a092d3f195d8b2b18e9bc0d7288b6be0b2d65629591,691fb2f9732a661f4873d60e29a2a907d6097451d8b4cf6a4383b610df8bfb4f,df133c8a4b535c1d1abd5c36dd183bf8c0fce8f4076acf397421f3bebc3c9a6f,256,337,False,"All 36 reused original test glaucoma cases, unchanged",test,test,outcome_selected_demonstration_NOT_independent_test
g0040.jpg,glaucoma,0.8471760797342193,2124,2056,REFUGE original training,REFUGE-Training400/Training400/Glaucoma/g0040.jpg,Annotation-Training400/Disc_Cup_Masks/Glaucoma/g0040.bmp,e6f8a8111b45414a463a8c2901a1e21d3febe88f4e299f95ab3e0e3cd91fd4ad,d9397cfaa0a8f89ca8b76d32784525bcf41b3c27e3ebb90cf860be7062d47013,dbb67dbb5945524d21cff8fd592fc1194ffad783f0cc85b17af093bae2e175b4,255,301,False,"All 36 reused original test glaucoma cases, unchanged",test,test,outcome_selected_demonstration_NOT_independent_test
n0049.jpg,normal,0.4686648501362397,2124,2056,REFUGE original training,REFUGE-Training400/Training400/Non-Glaucoma/n0049.jpg,Annotation-Training400/Disc_Cup_Masks/Non-Glaucoma/n0049.bmp,16cef6ef8bd62e90b69aa92eb03a4e66e39b39e605a0a497a68e5d78b95af7d2,20416752cf5307091d8e7849df1548889511c8c6aab19dd00959db2ede4214c9,72cf2913b6f7743d1007140f09729efbcfc2a04540438303e78ffd0edc5af714,172,367,False,Outcome selected: both methods correctly normal AND lower Ellipse3 CDR error; seeded sample of 34,test,outside_original_240,outcome_selected_demonstration_NOT_independent_test
n0131.jpg,normal,0.371875,2124,2056,REFUGE original training,REFUGE-Training400/Training400/Non-Glaucoma/n0131.jpg,Annotation-Training400/Disc_Cup_Masks/Non-Glaucoma/n0131.bmp,97caabb4cf9b7a294808b7b7fc8b756c724bce2af049e202a2c5aaecf7c4c155,7feabc1e8164c898a009908bdff4de395320ebf8a3baa4ec26ed2e34c89243e0,a1cbe14cb1dedafbafd8d1e6109d5f3cd4af8e895a951bdbddebd187a4f4ff3c,119,320,False,Outcome selected: both methods correctly normal AND lower Ellipse3 CDR error; seeded sample of 34,test,outside_original_240,outcome_selected_demonstration_NOT_independent_test
n0173.jpg,normal,0.4711864406779661,2124,2056,REFUGE original training,REFUGE-Training400/Training400/Non-Glaucoma/n0173.jpg,Annotation-Training400/Disc_Cup_Masks/Non-Glaucoma/n0173.bmp,3c0afccee3bc66d03a45145a559afe1e00fff7addfcf213a064eebc6c79d4208,6972f351ee161c17882379dd5843a2d168fa8062a6262e456ccec7ddbe6de7a9,00a42e53bb073a9865e485cad152bbf44ee6192db9a75e1e4ebcab7c87558a69,139,295,False,Outcome selected: both methods correctly normal AND lower Ellipse3 CDR error; seeded sample of 34,test,outside_original_240,outcome_selected_demonstration_NOT_independent_test
n0187.jpg,normal,0.3443708609271523,2124,2056,REFUGE original training,REFUGE-Training400/Training400/Non-Glaucoma/n0187.jpg,Annotation-Training400/Disc_Cup_Masks/Non-Glaucoma/n0187.bmp,96f2c361f15c026d059a4d7e59b09a013934a4022f9d4a254500374416a42438,4206db59267dd3d44acb33810f855e0c8962ea1c9a24289eb31d94552c26ee8a,d52333f977d8fc5c0ac5c33fba7e5112021a08c5c8fc5144263d68447f64466d,104,302,False,Outcome selected: both methods correctly normal AND lower Ellipse3 CDR error; seeded sample of 34,test,outside_original_240,outcome_selected_demonstration_NOT_independent_test
n0212.jpg,normal,0.3422619047619047,2124,2056,REFUGE original training,REFUGE-Training400/Training400/Non-Glaucoma/n0212.jpg,Annotation-Training400/Disc_Cup_Masks/Non-Glaucoma/n0212.bmp,514e3c6592a2e5cc75af4aadc2ee51f177adf0893574d88a5ae109afa21357be,bc80cda7219c5147dd82860ee57a7585305d0efd447a221bddc82ac0fb94015f,ae5b4521162af2b6902be49dcd7f52ceb18db52aa5bd29704ae1c03596535be2,115,336,False,Outcome selected: both methods correctly normal AND lower Ellipse3 CDR error; seeded sample of 34,test,outside_original_240,outcome_selected_demonstration_NOT_independent_test
n0221.jpg,normal,0.50625,2124,2056,REFUGE original training,REFUGE-Training400/Training400/Non-Glaucoma/n0221.jpg,Annotation-Training400/Disc_Cup_Masks/Non-Glaucoma/n0221.bmp,a3bd5bc906880178b18b660c42d6eb7aca3354cb28617a6789b38ed4e01c75ab,7cdf45be31ab23440c021afaa68d5a7d14a6cafd353115f561a02c98f090a848,2b0a4a8e1f0655ff92ecf09e2bd85481eb0cd3985b566c0cdd95ff08fe9808fa,162,320,False,Outcome selected: both methods correctly normal AND lower Ellipse3 CDR error; seeded sample of 34,test,outside_original_240,outcome_selected_demonstration_NOT_independent_test
n0265.jpg,normal,0.4228395061728395,2124,2056,REFUGE original training,REFUGE-Training400/Training400/Non-Glaucoma/n0265.jpg,Annotation-Training400/Disc_Cup_Masks/Non-Glaucoma/n0265.bmp,85653fff4dbc54db28ff912810426139814b4a6ed4b60bda928a00e035666f72,c9601b43f4a3358aca79ea0bc82df0ebeaef1352497df46047e81893ae0ea093,e3e1c0895d67851b98af82a531e19b22cc5153edefcce744520af1f252c521a4,137,324,False,Outcome selected: both methods correctly normal AND lower Ellipse3 CDR error; seeded sample of 34,test,outside_original_240,outcome_selected_demonstration_NOT_independent_test
n0276.jpg,normal,0.4244031830238727,2124,2056,REFUGE original training,REFUGE-Training400/Training400/Non-Glaucoma/n0276.jpg,Annotation-Training400/Disc_Cup_Masks/Non-Glaucoma/n0276.bmp,57204f1a371983a12770a8c745853b73851ff787b94022106319b70e316bb3e1,a8cff84843303a522f507ce0658cdac0da6adfdfbd27eb5cc15af8953efc4a96,3b9a0d96d27cc63e81a19cccdbe3992361b5111af90c1867c2e606dbe5f0a26f,160,377,False,Outcome selected: both methods correctly normal AND lower Ellipse3 CDR error; seeded sample of 34,test,outside_original_240,outcome_selected_demonstration_NOT_independent_test
n0350.jpg,normal,0.4210526315789473,2124,2056,REFUGE original training,REFUGE-Training400/Training400/Non-Glaucoma/n0350.jpg,Annotation-Training400/Disc_Cup_Masks/Non-Glaucoma/n0350.bmp,cfd77f08890206ee462ae133a5c197cf9d6581494d74b6a4408671278948a3b2,cdc652df4c868271ce6e6748799f13dbc4277c9ba2365e565e098a5f9b7213b1,e64ddf720e66fe0c5fe6120cdadc97c589c4af03c3e2af4c52c2ec1410762448,144,342,False,Outcome selected: both methods correctly normal AND lower Ellipse3 CDR error; seeded sample of 34,test,outside_original_240,outcome_selected_demonstration_NOT_independent_test
T0007.jpg,normal,0.3252032520325203,1634,1634,REFUGE original test,Test400/T0007.jpg,REFUGE-Test-GT/Disc_Cup_Masks/N/T0007.bmp,8a0aaab007e87c51f32323deb5bfa874ba96b76e36171e6c92aa003e23fbfb83,195f1d32c893297ea5265b4854b0241819782cb304cebd16be4228db36da87f9,16537cabb48ed741e6f246c1d8b94317f33f6afaacd72f7c87e85e6c037a5a81,80,246,False,Original 144 training + 24 validation cases merged into requested 168-image training partition,train,train,proposed_training_partition
T0012.jpg,normal,0.3666666666666666,1634,1634,REFUGE original test,Test400/T0012.jpg,REFUGE-Test-GT/Disc_Cup_Masks/N/T0012.bmp,38b1b1c29df1e1a2ad8a53304e818401ee8a79065a6e5e7e242dbb0b8c19da54,b989ba647d7621fe89d9164ae920d54bde83a39fc552d51e7d34f2e97eaa1c4e,90091e1bcc05d3534dffbfafabdaa73e63b8647da9f06e6fd3ed613806d2b63d,88,240,False,Original 144 training + 24 validation cases merged into requested 168-image training partition,train,train,proposed_training_partition
T0031.jpg,glaucoma,0.6666666666666666,1634,1634,REFUGE original test,Test400/T0031.jpg,REFUGE-Test-GT/Disc_Cup_Masks/G/T0031.bmp,076da111a174832482c91d97fb86e2392f8b469073d74adce9211a8a04cc2401,215b1ca7cf7cdc0860b5a1552a83fb400c6ed95f9e7332664fa8ac252b9fa5c3,3fbdb0dd5f688720ab733f93743033c0c878707e16c21ae9db88518a59590c42,172,258,False,Original 144 training + 24 validation cases merged into requested 168-image training partition,train,train,proposed_training_partition
T0047.jpg,normal,0.5886524822695035,1634,1634,REFUGE original test,Test400/T0047.jpg,REFUGE-Test-GT/Disc_Cup_Masks/N/T0047.bmp,279bdbc3d46d5564b4b108a5b318603572a47ea78097a58c0afca89ef0cee4de,2bb8fc8bf9c633ae5cdb171d60f384cfd3a30aa88e875603e787ff470081b48c,45d54c53c8ed11352e3dbe41c877af0d08a8606d4b492b5d3bc4e58a04ef3bb4,166,282,False,Original 144 training + 24 validation cases merged into requested 168-image training partition,train,train,proposed_training_partition
T0049.jpg,glaucoma,0.7987012987012987,1634,1634,REFUGE original test,Test400/T0049.jpg,REFUGE-Test-GT/Disc_Cup_Masks/G/T0049.bmp,ba717a1842543f53eee980fe593129738b5598ff343f33174a712af8d2c991fb,bbf7e6b44844888fb69f7e77ac64cbc7697e0ca06911f05e00faf8cf526dff51,86659f4ee0dd57bba15e5efa1be99ce792f2d31487ddce1c3ccbdc49ab4a584d,246,308,False,Original 144 training + 24 validation cases merged into requested 168-image training partition,train,train,proposed_training_partition
T0051.jpg,glaucoma,0.5034722222222222,1634,1634,REFUGE original test,Test400/T0051.jpg,REFUGE-Test-GT/Disc_Cup_Masks/G/T0051.bmp,754911488b660888ed28819a1176f5049435f2ec69ab2987a9e5f00f23a1d338,8d025f057fdd326f2aeb0a4864e41ab8964b46b757227b746eca6b3306bd8495,bafd624ee7d644fea9aa21a0be86985c1acc300ad2374dbfbdf29fec87448d51,145,288,False,Original 144 training + 24 validation cases merged into requested 168-image training partition,train,train,proposed_training_partition
T0063.jpg,glaucoma,0.7302158273381295,1634,1634,REFUGE original test,Test400/T0063.jpg,REFUGE-Test-GT/Disc_Cup_Masks/G/T0063.bmp,577993c325b1d175fbe3308f3638c08bc351e6f55cd2ec9efd898a17eed24981,5d922327285a11e94eb470bdd5fbb2ee8a905506a5b9df298775a1fa6b06f299,bcbf476ff42dd6fc8060db56185027958f3d83a7aeeb6a4ee574677f239a3f86,203,278,False,Original 144 training + 24 validation cases merged into requested 168-image training partition,train,train,proposed_training_partition
T0073.jpg,normal,0.544,1634,1634,REFUGE original test,Test400/T0073.jpg,REFUGE-Test-GT/Disc_Cup_Masks/N/T0073.bmp,18dd7ca568f57f9e7f0afc70b3a26a7a568d6a8d5998e47ed4fbf06eaa8ee319,5b0c94c403d20b3a0e736d4a181b79e2281f7294ea440665b55a8ec6c6088cf8,edae530156f9521696bed23ae7697c850fd44bcef5c894485d73a5f1020dbb76,136,250,False,Original 144 training + 24 validation cases merged into requested 168-image training partition,train,train,proposed_training_partition
T0090.jpg,normal,0.5904059040590406,1634,1634,REFUGE original test,Test400/T0090.jpg,REFUGE-Test-GT/Disc_Cup_Masks/N/T0090.bmp,3ade395231c3b3c586d49242c4dd8cfa51992b6ac7de972142524ec7ce99d7d6,034ac717315b3621a79e167d828e240f3fee2439952ba0a796dadb62abb5311f,e0e419a6abcb419281d8aacf02ec7e6e4cc84540b37788f38dfdd2421f87326d,160,271,False,Original 144 training + 24 validation cases merged into requested 168-image training partition,train,train,proposed_training_partition
T0094.jpg,glaucoma,0.6666666666666666,1634,1634,REFUGE original test,Test400/T0094.jpg,REFUGE-Test-GT/Disc_Cup_Masks/G/T0094.bmp,2bd0c7006e05b5fc0649e2e5a96329b454ee0f794e4f604c5b4b73e5b38f3476,f9c46cdc4799303328849dc5c70ba7c7f5e15919f9d14b2b747c345cf11c6d53,58b990d898cc555d78e79893dc5e31ec7de2d53eeac9ce2eccc43b2f75dd3fba,176,264,False,Original 144 training + 24 validation cases merged into requested 168-image training partition,train,train,proposed_training_partition
T0111.jpg,normal,0.3378378378378378,1634,1634,REFUGE original test,Test400/T0111.jpg,REFUGE-Test-GT/Disc_Cup_Masks/N/T0111.bmp,2c1717c10653fc501e79ad5347f91b8962f18cd3de5048dce3fdf185e0aaa1fe,8dd7ecb408c7073747fa79eb8cc7f75280f5869fc8618fdbbd82540a603c486e,447888dbdc817588026c386906ce0dd1c883f2faa3929427ff1109c19dde3933,75,222,False,Original 144 training + 24 validation cases merged into requested 168-image training partition,train,train,proposed_training_partition
T0114.jpg,normal,0.5102040816326531,1634,1634,REFUGE original test,Test400/T0114.jpg,REFUGE-Test-GT/Disc_Cup_Masks/N/T0114.bmp,d7f626b9ee43c36666b43e4288ec3a8bc25627cfca638374b89bae35ba6df90c,5d95ecd330269dcb99a2e52f498c9518f4c83b0b5b8f65f592aff9a04faef16e,fc0cfa2437f6c0750100341e24cb194c3b702ab5846c2f00ac554cbaafed6a5d,125,245,False,Original 144 training + 24 validation cases merged into requested 168-image training partition,train,valid,proposed_training_partition
T0116.jpg,glaucoma,0.6333333333333333,1634,1634,REFUGE original test,Test400/T0116.jpg,REFUGE-Test-GT/Disc_Cup_Masks/G/T0116.bmp,308b8b297f26a88d195d160030d854a1169df4ba460391f78b78d54e456ab07d,ffcb05b75862f1121a8d0605aa57f3a68d3a1d3ae66e661db9801df1137d93fe,d7e2df177969fef59eb2573b95a148ee4bc3a9eaa78a57d7e5749c5c5f02de84,171,270,False,Original 144 training + 24 validation cases merged into requested 168-image training partition,train,train,proposed_training_partition
T0127.jpg,normal,0.5185185185185185,1634,1634,REFUGE original test,Test400/T0127.jpg,REFUGE-Test-GT/Disc_Cup_Masks/N/T0127.bmp,050ff4a122f9ce56296c54234867ecbaf31b878f299bff5c10281cc8925d0cb8,3bd352ca7f8884cb8b50c2a80b53a8f196f073682c61dce888587d69eeefa8e2,ced7db46a1e5a211a62b14cd543880df64b8d14343ebd6e595ea0d51c2f988d0,140,270,False,Original 144 training + 24 validation cases merged into requested 168-image training partition,train,train,proposed_training_partition
T0131.jpg,glaucoma,0.405982905982906,1634,1634,REFUGE original test,Test400/T0131.jpg,REFUGE-Test-GT/Disc_Cup_Masks/G/T0131.bmp,2943d396abf0c1c0dd2aec486e35de7fb486f96c7de6a11a983826a2ffd8c5fc,694240baeafc0b3a6bfd17ab6c300913d0ea5ef272bf05d8bc4a1c6b85ac85ea,b563f7592e0caa0efcaf2f3770fcd11575d8712e610db67e8c04982039ade5a6,95,234,False,Original 144 training + 24 validation cases merged into requested 168-image training partition,train,train,proposed_training_partition
T0141.jpg,normal,0.4663865546218487,1634,1634,REFUGE original test,Test400/T0141.jpg,REFUGE-Test-GT/Disc_Cup_Masks/N/T0141.bmp,92b42b67817328dcd4aa195d3e452d71e3213b13adbd633b7bb3c1cdbbd77da7,79f904e93621ba10ec7fe5b8d1f994eba2d3c3d1b7fd59cfa9efd3a3245dd974,ca3901bf1becc3f24c70275a967b50e803e126bc4e07f410518ac7424d3fd398,111,238,False,Original 144 training + 24 validation cases merged into requested 168-image training partition,train,train,proposed_training_partition
T0147.jpg,glaucoma,0.628,1634,1634,REFUGE original test,Test400/T0147.jpg,REFUGE-Test-GT/Disc_Cup_Masks/G/T0147.bmp,8a4d6ed95d5a3db6530220664b23dc21158f287aa1a800e0dc94796008762440,f55b5d279057c02d311f7cbfdce5768578ee74d8cf8695f0a05ad7ddc5916232,0646a12a572c7f1c3912025acdc450f870bfda1fcfcc4de796db4860cca2df94,157,250,False,Original 144 training + 24 validation cases merged into requested 168-image training partition,train,train,proposed_training_partition
T0155.jpg,glaucoma,0.5361216730038023,1634,1634,REFUGE original test,Test400/T0155.jpg,REFUGE-Test-GT/Disc_Cup_Masks/G/T0155.bmp,3974dc972b6c6551a31e2e2d5142470a55125d4cca104f55038041e8bbfd5a10,83f5a520c77635988bbb05f28bb1e1f2d3087cc8daed1dc3065cb48207bde68e,8a97e98a2e7d91b723f3b4425c7e0075ba50696ac1ec63fff8fbabfc7ef2ab18,141,263,False,Original 144 training + 24 validation cases merged into requested 168-image training partition,train,train,proposed_training_partition
T0176.jpg,glaucoma,0.6061776061776062,1634,1634,REFUGE original test,Test400/T0176.jpg,REFUGE-Test-GT/Disc_Cup_Masks/G/T0176.bmp,f569deb9db56e33e67bc3848ac756692556e182940145cbd1e8f39759ae1c396,7c06a9dc3cccb72b76be3cd89e3a2ceeffb6aa4618132fef3df46bdad1ca0d97,0de52ddfe960061cd3964a905b65682f4f03c2cbd6bdc980b5273a2bea3fb773,157,259,False,Original 144 training + 24 validation cases merged into requested 168-image training partition,train,valid,proposed_training_partition
T0184.jpg,normal,0.3991416309012875,1634,1634,REFUGE original test,Test400/T0184.jpg,REFUGE-Test-GT/Disc_Cup_Masks/N/T0184.bmp,53a209c4fefdf517db2e2857bca61b128693dfe3ceca62e87d729e1d69f84c6c,2b9e4b8e302a0d5bc4bfe9e8dc86751920986bd8a3648115c2816ebef795d451,9ccf070f6e697074a777db2953bded9a12f0526e25aa052089c071c61d9e4ec4,93,233,False,Original 144 training + 24 validation cases merged into requested 168-image training partition,train,train,proposed_training_partition
T0198.jpg,normal,0.4008097165991903,1634,1634,REFUGE original test,Test400/T0198.jpg,REFUGE-Test-GT/Disc_Cup_Masks/N/T0198.bmp,0d84e063f1aacec7118b3599b00dd70499af34ddc937e8be92f6b81fbb593ecb,56ceff01df8a42eee257673634668ad8582890106ae9e5f2f9644465e9978e7b,2801804a7aa39b66028c1c2901c7d7c091bdfe551822e47507aec92119d779fc,99,247,False,Original 144 training + 24 validation cases merged into requested 168-image training partition,train,valid,proposed_training_partition
T0201.jpg,glaucoma,0.5525423728813559,1634,1634,REFUGE original test,Test400/T0201.jpg,REFUGE-Test-GT/Disc_Cup_Masks/G/T0201.bmp,4e58d0fc42e9329c8bf1dcfdfed33d6205288d19825db6766d21637185464b7a,25ee24d4fc1380601c99666ca83d370005289b49768cbe0d2eb0a37cb265ed5a,f8adc2e1844f24ba067c72c8c015725c7a154e6374cef41a176cef7272bf9ae9,163,295,False,Original 144 training + 24 validation cases merged into requested 168-image training partition,train,train,proposed_training_partition
T0214.jpg,normal,0.4070796460176991,1634,1634,REFUGE original test,Test400/T0214.jpg,REFUGE-Test-GT/Disc_Cup_Masks/N/T0214.bmp,2c99d52232876c097a7b3eb8260b85f6f4b384cadf69c7b3d04ad36fa78ebad9,aebf066f325f602ee9b56d9e6f71f1dc9dc11332c3aa5fc7fdcae7bf9db0c326,0e9a483f2c679d664a46affc92da589f86628a487c54a5154f3232a3923efd49,92,226,False,Original 144 training + 24 validation cases merged into requested 168-image training partition,train,train,proposed_training_partition
T0223.jpg,glaucoma,0.785234899328859,1634,1634,REFUGE original test,Test400/T0223.jpg,REFUGE-Test-GT/Disc_Cup_Masks/G/T0223.bmp,a2d98a8e9fd4abce393222811e381be797463491a1d79f24f3ba199d5f0de8ab,a26306811163a6e093271dd6ba4f4e6a15bc4728357a79859bf75e42867fe3f4,0ddfcc06c021db22ddd8e9b2e79dc3c76b5ef5403329f48e20112226fbf1a104,234,298,False,Original 144 training + 24 validation cases merged into requested 168-image training partition,train,train,proposed_training_partition
T0224.jpg,normal,0.3333333333333333,1634,1634,REFUGE original test,Test400/T0224.jpg,REFUGE-Test-GT/Disc_Cup_Masks/N/T0224.bmp,1ca888db18a5fb6d1bd5da174eba240c1a4532d974b46130442d886eda420464,f126363aaa4b0db5917cecc1310325ddaa47d78af6210e7b7e60156ba76d0512,2629d7981eebcb6105e0d4a6f31a149cabf0e842daf07cdbc80d9cdc4c244b42,76,228,False,Original 144 training + 24 validation cases merged into requested 168-image training partition,train,train,proposed_training_partition
T0237.jpg,normal,0.3333333333333333,1634,1634,REFUGE original test,Test400/T0237.jpg,REFUGE-Test-GT/Disc_Cup_Masks/N/T0237.bmp,14b9a03b3ed7aa45b2837583e1f156df1828d6e283e7081ef3332e94a384f0f6,6ef8f1a6a74c2a3647b05cf89b362ea4f2577464b1d0ba55bdca7ba517fb3521,fe26301795f3f301fab8aee72d61ae19dbb28e863f16123dd440134ada136961,74,222,False,Original 144 training + 24 validation cases merged into requested 168-image training partition,train,train,proposed_training_partition
T0240.jpg,glaucoma,0.6484375,1634,1634,REFUGE original test,Test400/T0240.jpg,REFUGE-Test-GT/Disc_Cup_Masks/G/T0240.bmp,ad73d4d59b35c757b584a587ca270b6941d86fd3ca41cf7642330920f7ee1880,d8a8aaa40e61c9dc6c4f8bbd60c6ea1e1951074c2e71d82d5bcf7ac4b23dc8e9,c8f029d3777616e84838cfd14955cd36dc475af14ca339302c5976d38cffb67a,166,256,False,Original 144 training + 24 validation cases merged into requested 168-image training partition,train,train,proposed_training_partition
T0250.jpg,glaucoma,0.6716417910447762,1634,1634,REFUGE original test,Test400/T0250.jpg,REFUGE-Test-GT/Disc_Cup_Masks/G/T0250.bmp,e9740335bdbc42febc34b7b5576658b7fa0753df8145ccc5e7876f0f3b475363,aa5607c4c7349ffc6d6eec083cf7e40b3adb9c129b5203feba39a303d505e799,70c9d212fac57ee8c7cfd77e3f99d10be65701f3e415004b23f960391b499fd9,180,268,False,Original 144 training + 24 validation cases merged into requested 168-image training partition,train,valid,proposed_training_partition
T0267.jpg,glaucoma,0.625,1634,1634,REFUGE original test,Test400/T0267.jpg,REFUGE-Test-GT/Disc_Cup_Masks/G/T0267.bmp,038bb9cc4f6e1f20d033f7e7494bfbe0bdc9cde78fa4eac1f966bc79ac611519,fc6468987ab3d4f993e7c508a51d696f03d9de67b00c88afc55d621898363f0b,203d93f69c4a6b1141b8135cfb562aabc12e39f20fb5609446fb647ff4f26331,145,232,False,Original 144 training + 24 validation cases merged into requested 168-image training partition,train,train,proposed_training_partition
T0296.jpg,normal,0.4943820224719101,1634,1634,REFUGE original test,Test400/T0296.jpg,REFUGE-Test-GT/Disc_Cup_Masks/N/T0296.bmp,bdd3e64f4f2417526a3495111cb2aeb9942c98b3c8f1d2f7cd65d98e93ee7f55,1cdb5cc41d21d38d6037c3155ed8c50bc4d10adeea179e671034c9f980fab283,f737aba0e659ca626dd986431548def2bbd13b0057451f83b33028c4fdf2f575,132,267,False,Original 144 training + 24 validation cases merged into requested 168-image training partition,train,train,proposed_training_partition
T0299.jpg,normal,0.5551181102362205,1634,1634,REFUGE original test,Test400/T0299.jpg,REFUGE-Test-GT/Disc_Cup_Masks/N/T0299.bmp,f3fcb30f0e674ae3bb5d411948aec6e461a991973713e15874a1fdd41ad8488f,0af3cabef2f015b63415017119d254c723bb2f747581046e6d7b41bf0a8cf2b1,3f54822a20ae152837f1b9c1c7317a8b1077099bff37491e874b3f534779c9ad,141,254,False,Original 144 training + 24 validation cases merged into requested 168-image training partition,train,train,proposed_training_partition
T0304.jpg,glaucoma,0.8448979591836735,1634,1634,REFUGE original test,Test400/T0304.jpg,REFUGE-Test-GT/Disc_Cup_Masks/G/T0304.bmp,ee4c98d81c1ab97fb010b5a8b89c0d1743c30235ecf838c56ea43ec77aae0dec,a947db0b78eb406787012b8df78b0d947ec7cc5d4993b2d387201c8d3cbc6736,c98a2280e5fe4ae2c1d2cbe78f49024d51ea2dd2fc75b6c38cd93b080817a23a,207,245,False,Original 144 training + 24 validation cases merged into requested 168-image training partition,train,train,proposed_training_partition
T0306.jpg,glaucoma,0.6434426229508197,1634,1634,REFUGE original test,Test400/T0306.jpg,REFUGE-Test-GT/Disc_Cup_Masks/G/T0306.bmp,eccbdf87028dfb4af7edcac8ee3c0a8b08a3521d029af28586e4ea465a376dac,f3f2ce8fbda7e6eaf45ef079b72f33a0259f7e633ca722820acdf3fa57c4a043,372a28b0990ecff99ad38cae52895737a40b779da68f49616e195270ae64487f,157,244,False,Original 144 training + 24 validation cases merged into requested 168-image training partition,train,train,proposed_training_partition
T0310.jpg,glaucoma,0.8358778625954199,1634,1634,REFUGE original test,Test400/T0310.jpg,REFUGE-Test-GT/Disc_Cup_Masks/G/T0310.bmp,de64dd6eaf90c47b0c117d279cc065c2e28e6396cc8ab450399950a90dba662b,04b864c01f5ba4ddf99c77375fa494412b2fd2c501a3a77fc4d852b1cfba8a4a,ec3acb0e11974d98fc7817c8777f0ea639c4387da7fd7d73aa0792bb185fd782,219,262,False,Original 144 training + 24 validation cases merged into requested 168-image training partition,train,train,proposed_training_partition
T0312.jpg,normal,0.4419642857142857,1634,1634,REFUGE original test,Test400/T0312.jpg,REFUGE-Test-GT/Disc_Cup_Masks/N/T0312.bmp,d8b8350a70091ec6af3c13b6107f11808b36160f4e9b2ae6cd2a31303de86587,e05773fec36a68f73e009820a18bd603e82b01075f38b9e94d43f67170a7d52f,f09c095aab00ba5fe6d1c7cacd0a91cdca31a320ac5f8918c2a2119b7a85e2b3,99,224,False,Original 144 training + 24 validation cases merged into requested 168-image training partition,train,valid,proposed_training_partition
T0315.jpg,glaucoma,0.5787037037037037,1634,1634,REFUGE original test,Test400/T0315.jpg,REFUGE-Test-GT/Disc_Cup_Masks/G/T0315.bmp,080b749c852d74de26f6ae4a19eb4d04559ec607e9342b8f4459091eaa5ff608,d2e06a0e5634eca4e750688e70ed87c58b5bdb5f366cbebe097c34f4c791c66d,57fc75ab3a0b2dc770aa379647fecdc14433a755b598dd1215c474edc884bfe6,125,216,False,Original 144 training + 24 validation cases merged into requested 168-image training partition,train,train,proposed_training_partition
T0316.jpg,normal,0.4140625,1634,1634,REFUGE original test,Test400/T0316.jpg,REFUGE-Test-GT/Disc_Cup_Masks/N/T0316.bmp,9fee34d2d10dd48d782c6d85368ddc216fb53702b8c3f2287040653fd1acfc5b,94b733248f623d2ec6d0b127ab33201524481fb14afa91a1ce5b1004e880a648,1bdd0e962f8bb2d41cb32c3e166f872e438380abb142a34ddb49edd5fe1364a6,106,256,False,Original 144 training + 24 validation cases merged into requested 168-image training partition,train,valid,proposed_training_partition
T0317.jpg,normal,0.4377880184331797,1634,1634,REFUGE original test,Test400/T0317.jpg,REFUGE-Test-GT/Disc_Cup_Masks/N/T0317.bmp,503a8efedbd7a3baf5b1375ddbc3c921f05ca4785546e51e592a7b22f860f385,df1ae21e9b8f7a4b53ce23a1a9564d97ca8a8a2f61432d339b4b4ce09216c946,fb5bedf1a2fcea8ab969337f927fe760f8980b4ad1605042efd1017b05c107f1,95,217,False,Original 144 training + 24 validation cases merged into requested 168-image training partition,train,train,proposed_training_partition
T0318.jpg,normal,0.452991452991453,1634,1634,REFUGE original test,Test400/T0318.jpg,REFUGE-Test-GT/Disc_Cup_Masks/N/T0318.bmp,7c1c675cac13f56ea9346130b10c2b2402410d94b5c255cb654dab125b199bb5,57fe02bdb03e784ab033bfc1f867ecd6c4d1ae2807d0a6725a98d9b6796c3de3,be04def86ba8ce4c78912960ee31b2ba3816ddd16dfb72fb9f4cc773b591ec5a,106,234,False,Original 144 training + 24 validation cases merged into requested 168-image training partition,train,train,proposed_training_partition
T0320.jpg,glaucoma,0.5394736842105263,1634,1634,REFUGE original test,Test400/T0320.jpg,REFUGE-Test-GT/Disc_Cup_Masks/G/T0320.bmp,63b5cc2eddb1bb0a61d8d5595b38bf72c8630b24ff7da02a35930098609e4905,1e3f4b067cecd99b86aac1a2996f2a7c134eb671fac732d45465453b7af16259,659e5b1392f5d5eecd6adff294d4aa0cbc7b46a5c8aee8987d4e60e007a3a8f3,164,304,False,Original 144 training + 24 validation cases merged into requested 168-image training partition,train,valid,proposed_training_partition
T0322.jpg,glaucoma,0.76953125,1634,1634,REFUGE original test,Test400/T0322.jpg,REFUGE-Test-GT/Disc_Cup_Masks/G/T0322.bmp,077e38c2f5d3ceb48ec0a7fdd76a7ba21d2cc82820deb92c2511d78bae8185fe,af14f202265a6d0b02d84f4d4004891d9c3646062c7ed7225c69dac2e2ecd095,674bdf1643bc713346aefece68e7c4f832d1b49f26db0c5964d9478afdba5b7d,197,256,False,Original 144 training + 24 validation cases merged into requested 168-image training partition,train,valid,proposed_training_partition
T0330.jpg,normal,0.4453125,1634,1634,REFUGE original test,Test400/T0330.jpg,REFUGE-Test-GT/Disc_Cup_Masks/N/T0330.bmp,21e13283e5663f08b89a559f085fb60e25ca78dd168f2d807d8341fe7c3415a7,0eb08acb2ee1a6db52564a93a645c2a21e8c53cd3e000f162bce939c7aae3121,160c61ec643ed85d04c5e78f907d02cd0e5cebffe863caea4bc4d1644029b924,114,256,False,Original 144 training + 24 validation cases merged into requested 168-image training partition,train,train,proposed_training_partition
T0346.jpg,glaucoma,0.7397260273972602,1634,1634,REFUGE original test,Test400/T0346.jpg,REFUGE-Test-GT/Disc_Cup_Masks/G/T0346.bmp,a21963debf9aee4fd3f0bc9dfdb7d1ec2a594302bd7b27a4624f1fa6db586383,7eecfa0b7556c0e3e7b0b8a97936b672ba986591567769b3c0ff1807f2931424,23e248ea70ac6633ce604de6550e07a9bef4ec116a14addb88c845fd478b0748,216,292,False,Original 144 training + 24 validation cases merged into requested 168-image training partition,train,train,proposed_training_partition
T0360.jpg,glaucoma,0.6441947565543071,1634,1634,REFUGE original test,Test400/T0360.jpg,REFUGE-Test-GT/Disc_Cup_Masks/G/T0360.bmp,2d9a10d78f89943b02c1c4c9ab365abd9b95f02f87aa8ac5f2b8b47a50f13814,e06d320022b3d11cb3328ffd3a3d9ac8df7b6a33d464614bd6eefa1333c87efe,1f48f60faefd6d9028bc6471e9234e36881c1f08646a1982a7e4c723cd7a2d99,172,267,False,Original 144 training + 24 validation cases merged into requested 168-image training partition,train,train,proposed_training_partition
T0368.jpg,glaucoma,0.5238095238095238,1634,1634,REFUGE original test,Test400/T0368.jpg,REFUGE-Test-GT/Disc_Cup_Masks/G/T0368.bmp,738188434b509548f4be369a4efced20f147e72aa1b930a8677d78647329d829,893c42ed25d8a99d1daea7c6a95e8eec382f1d3f3353b5fc7d6525f23f669946,1a464f9404f8ce681580ad0324499c1e6637e0cfce32e4f048658e3a68ddc8eb,154,294,False,Original 144 training + 24 validation cases merged into requested 168-image training partition,train,train,proposed_training_partition
T0369.jpg,normal,0.5344129554655871,1634,1634,REFUGE original test,Test400/T0369.jpg,REFUGE-Test-GT/Disc_Cup_Masks/N/T0369.bmp,61e64f729af34f2b0c455e4483ef294a7af848e5c4863425b55f0120588d1174,e3c7d07a6dadb03110eeadb93a6869f8d4d5b9cd769e22b80c94bf916320f3c3,7fab9dcb90fae0cf059676f5bb2e51241468dbc2f97b13245d9ace19f2f36bc9,132,247,False,Original 144 training + 24 validation cases merged into requested 168-image training partition,train,train,proposed_training_partition
T0371.jpg,glaucoma,0.58203125,1634,1634,REFUGE original test,Test400/T0371.jpg,REFUGE-Test-GT/Disc_Cup_Masks/G/T0371.bmp,58224c47e4d5b5005d4ec4ecfef60222c3c3d8e78ad707e2e51f75018cd59d83,16042b7127a07ff5e44137f6e2f26934dc9f6a2b85ac4d674e474e7c442ba321,54e6557ffb3adadf740b396681acc5db18e2fed30c836fb83fba7ef420203e0d,149,256,False,Original 144 training + 24 validation cases merged into requested 168-image training partition,train,train,proposed_training_partition
T0388.jpg,normal,0.3738738738738739,1634,1634,REFUGE original test,Test400/T0388.jpg,REFUGE-Test-GT/Disc_Cup_Masks/N/T0388.bmp,5848688570250402e30f4842bc02810f0e104334ee687780d2073f05782199b6,e7551c38eb4c58a8d8e29f059b3c9d5309bc8a593509b1ef3fbcb33b140dcc4d,0a432aea8af41ec3d91cd750d7721b78ada53cfbe9e832895ae5a3873efd6258,83,222,False,Original 144 training + 24 validation cases merged into requested 168-image training partition,train,train,proposed_training_partition
T0389.jpg,normal,0.4127659574468085,1634,1634,REFUGE original test,Test400/T0389.jpg,REFUGE-Test-GT/Disc_Cup_Masks/N/T0389.bmp,b35740f98a361c3084a61325b6901e54894d1865c731868d8e9f449a8aa0c290,e9802a4b5d43acfa2e66636267b70c405ad29a3f31e83f01649e28adf5856073,3e15e1e6b0bd4d63f6aa20c45d96e6ce16154fdedf8963066e865f4143eadd48,97,235,False,Original 144 training + 24 validation cases merged into requested 168-image training partition,train,train,proposed_training_partition
V0006.jpg,glaucoma,0.6868327402135231,1634,1634,REFUGE original validation,REFUGE-Validation400/REFUGE-Validation400/V0006.jpg,REFUGE-Validation400-GT/REFUGE-Validation400-GT/Disc_Cup_Masks/V0006.bmp,7efae4f94c0be9ae6aec21090b4673b2624241ec397db80f5e6f6452398fc31a,52c815b476a8b6be106d8e4b18c9dc0a73e7e794c5518b0a1ef811bc4c203ebe,660e5eb60ce0a5ed8008ed50540be27feca4ab08b4e6947d068baa6360c9e55e,193,281,False,Original 144 training + 24 validation cases merged into requested 168-image training partition,train,train,proposed_training_partition
V0021.jpg,normal,0.5185185185185185,1634,1634,REFUGE original validation,REFUGE-Validation400/REFUGE-Validation400/V0021.jpg,REFUGE-Validation400-GT/REFUGE-Validation400-GT/Disc_Cup_Masks/V0021.bmp,9d8fb8e3664c61ba4cab9abca24f4ede0192bad818e2ef077d7fed423e2a0fe2,978cbdde84664f70d1eef1029cdde099651ab00336a1ae02fe6b0a77a4d4a099,7e90bf1a44758681ffff051447c833430cf1a2984c195dba927bb09e46bea242,126,243,False,Original 144 training + 24 validation cases merged into requested 168-image training partition,train,valid,proposed_training_partition
V0027.jpg,normal,0.3828996282527881,1634,1634,REFUGE original validation,REFUGE-Validation400/REFUGE-Validation400/V0027.jpg,REFUGE-Validation400-GT/REFUGE-Validation400-GT/Disc_Cup_Masks/V0027.bmp,bc32c08850dbbbf51e4c252a9cabee98c125e709a131ac65e15a85be564366b7,07908dd90a5ee414c748478d05001695bf518244b9397ff27a6aa35926b991ab,de425f90abee98ab5ed0601074764385576c0ed4814a39b5d2094af1b945e121,103,269,False,Original 144 training + 24 validation cases merged into requested 168-image training partition,train,train,proposed_training_partition
V0028.jpg,glaucoma,0.5367965367965368,1634,1634,REFUGE original validation,REFUGE-Validation400/REFUGE-Validation400/V0028.jpg,REFUGE-Validation400-GT/REFUGE-Validation400-GT/Disc_Cup_Masks/V0028.bmp,a19892f6730a2670c5c1be606cc1434597251db7c845e9a71c371abe8c0b1d26,67028b4a0b6ef62619339950bf02566df906a2edec124fec31c8e8dfa59f2984,a6f0285a724aea4f157d73fbdcbef76fbea5969070b49bd8e562e2fb749d8be1,124,231,False,Original 144 training + 24 validation cases merged into requested 168-image training partition,train,train,proposed_training_partition
V0032.jpg,glaucoma,0.4508196721311475,1634,1634,REFUGE original validation,REFUGE-Validation400/REFUGE-Validation400/V0032.jpg,REFUGE-Validation400-GT/REFUGE-Validation400-GT/Disc_Cup_Masks/V0032.bmp,cd3ff6c59984789af3e5a35ae7a7c913555e19ee0094e611f5477d2c2ae00cf2,198183b3d73ddc3d1f523a05877607fb5483baaaff51d734ce5d6ee6e75c65a1,e0abe1dc30cd3a3f0afa03199b14f4db90602e6b9fbbd54586fa9fbf05204922,110,244,False,Original 144 training + 24 validation cases merged into requested 168-image training partition,train,valid,proposed_training_partition
V0041.jpg,glaucoma,0.6654676258992805,1634,1634,REFUGE original validation,REFUGE-Validation400/REFUGE-Validation400/V0041.jpg,REFUGE-Validation400-GT/REFUGE-Validation400-GT/Disc_Cup_Masks/V0041.bmp,42f3a9ad1222ad0ebe56fb6027cc9ffb170fa2698a0e015638a3723f3d616f95,f5fe3c47664c2dbdf2ec771a52bf0d37106f621a92991f69afd7e4e357153ebb,983acae2358f6ca07b9e784651b1d45ed4e34656528c81766dfc85ba7297a6a9,185,278,False,Original 144 training + 24 validation cases merged into requested 168-image training partition,train,train,proposed_training_partition
V0046.jpg,glaucoma,0.791970802919708,1634,1634,REFUGE original validation,REFUGE-Validation400/REFUGE-Validation400/V0046.jpg,REFUGE-Validation400-GT/REFUGE-Validation400-GT/Disc_Cup_Masks/V0046.bmp,b16d12c6b8dbd95f7aa12c38ce66d033ea4c31a9748d5545968c3a33d4c141e7,126dac37fe84d5e71ad14de499335f2265c8cde36694f139667e81d4663f0455,7c50279800e5d9f0442f163beb727b76c94c94defb658cf3fda3e50250f1c78f,217,274,False,Original 144 training + 24 validation cases merged into requested 168-image training partition,train,train,proposed_training_partition
V0051.jpg,normal,0.4426877470355731,1634,1634,REFUGE original validation,REFUGE-Validation400/REFUGE-Validation400/V0051.jpg,REFUGE-Validation400-GT/REFUGE-Validation400-GT/Disc_Cup_Masks/V0051.bmp,6b8fbe9a38dcb655beadc3d32041d0966dd660d01f96d6428bfcb7f340788caf,b1076a7ae62660301345472548e0a8f637c1250213e45631e39c23f8939bfa3b,c5cd3e42c4e834498c04838b9995d929b4846b90c1669babb785b180578a629c,112,253,False,Original 144 training + 24 validation cases merged into requested 168-image training partition,train,train,proposed_training_partition
V0053.jpg,normal,0.4337349397590361,1634,1634,REFUGE original validation,REFUGE-Validation400/REFUGE-Validation400/V0053.jpg,REFUGE-Validation400-GT/REFUGE-Validation400-GT/Disc_Cup_Masks/V0053.bmp,b5c7761bf4919051da253feb4146a64f0068c4b5eb6760425fa57be0e1910f0c,25c80b366321b1320dd2bce79f0f5de7e8226fa680d5717eecd05ff109f25f73,0a8fc5713129e8669675025083e4a2ba8db6518343efd57ce29660ea18e2b798,108,249,False,Original 144 training + 24 validation cases merged into requested 168-image training partition,train,train,proposed_training_partition
V0054.jpg,glaucoma,0.6774193548387096,1634,1634,REFUGE original validation,REFUGE-Validation400/REFUGE-Validation400/V0054.jpg,REFUGE-Validation400-GT/REFUGE-Validation400-GT/Disc_Cup_Masks/V0054.bmp,dcd5e20c87f8104d7e1aa47ab6679c3a22d6029411df2e102ae5292622ecbbd3,4a2f27c9c98247f233a03687658af37548a53d3b41d7d225fdf6d51120bf4aec,3725fb8a5c1a119216512a1252e6ada9680a47be4313c5993a66cd13a4f7f1d9,189,279,False,Original 144 training + 24 validation cases merged into requested 168-image training partition,train,train,proposed_training_partition
V0075.jpg,glaucoma,0.7473309608540926,1634,1634,REFUGE original validation,REFUGE-Validation400/REFUGE-Validation400/V0075.jpg,REFUGE-Validation400-GT/REFUGE-Validation400-GT/Disc_Cup_Masks/V0075.bmp,6ee71c259ec76554ad96daf28328204cd86574549015068ac1a19fad151760fe,207f542044bddab63bbe511e9a7b4da1618e1c0d9b6535feff883085a970bf24,d0f2139421cc657de61d9336acdf6f2a0d8716f889b20bfb9c6f6d975df962fe,210,281,False,Original 144 training + 24 validation cases merged into requested 168-image training partition,train,valid,proposed_training_partition
V0077.jpg,normal,0.4872727272727272,1634,1634,REFUGE original validation,REFUGE-Validation400/REFUGE-Validation400/V0077.jpg,REFUGE-Validation400-GT/REFUGE-Validation400-GT/Disc_Cup_Masks/V0077.bmp,97449879fb6575b850e292ce713a0907de55ccac9faa5f1b682d293a32544e57,825f26e81df62b1784c3869e588f887e294b704e65421f51f2cf35e7931d9f85,7158b4b71eb45cfba1f6f58224efca64ec50645b966df71b1943cdd6f160760f,134,275,False,Original 144 training + 24 validation cases merged into requested 168-image training partition,train,valid,proposed_training_partition
V0085.jpg,normal,0.4488188976377952,1634,1634,REFUGE original validation,REFUGE-Validation400/REFUGE-Validation400/V0085.jpg,REFUGE-Validation400-GT/REFUGE-Validation400-GT/Disc_Cup_Masks/V0085.bmp,d385f05c90970947cf73f68127559a50ace392bb218cb73ba778d2ab2340eb86,16ef3453589e13be96accce1af568ca85541a843af2bebbd3312ac3716a60768,26a92f86ee982cdcbbb35c99d6985481efad02b465deed98530b54460a8e83ab,114,254,False,Original 144 training + 24 validation cases merged into requested 168-image training partition,train,train,proposed_training_partition
V0095.jpg,glaucoma,0.7142857142857143,1634,1634,REFUGE original validation,REFUGE-Validation400/REFUGE-Validation400/V0095.jpg,REFUGE-Validation400-GT/REFUGE-Validation400-GT/Disc_Cup_Masks/V0095.bmp,9cf449e8767ff1a3e02aa78dc5b1f294c1fa1b7c7c85c957a019a7f697c0ff1a,7ee49c261406e282c9374f818facbf7de02bf00dcb916e2bf8c26064d6548ced,d6d860eccffd474380a835f45ec81ce6e532081d1a61daf7969c0c9bc63cf84a,205,287,False,Original 144 training + 24 validation cases merged into requested 168-image training partition,train,train,proposed_training_partition
V0100.jpg,glaucoma,0.6745098039215687,1634,1634,REFUGE original validation,REFUGE-Validation400/REFUGE-Validation400/V0100.jpg,REFUGE-Validation400-GT/REFUGE-Validation400-GT/Disc_Cup_Masks/V0100.bmp,1cfe70ec8bbb0be3a925ab582b3bbfe896a83cde3ec804a9dad74b2e4b38fe63,c91d97016533999e38c0a5e4568cb73753668f27ff4c810c47c51273543dd352,3ebeea4feaf94e4d1322698bbe734664057670aba04c5d561a87028b26db86b0,172,255,False,Original 144 training + 24 validation cases merged into requested 168-image training partition,train,train,proposed_training_partition
V0115.jpg,normal,0.572463768115942,1634,1634,REFUGE original validation,REFUGE-Validation400/REFUGE-Validation400/V0115.jpg,REFUGE-Validation400-GT/REFUGE-Validation400-GT/Disc_Cup_Masks/V0115.bmp,6452b59a7c185a1695dd77c6c628af1bc84b0984d1f99ebe5c9b2f6090369619,dd5811483ba595f5916c6815c4ca4e4a9930ab38eca56e77c33ef6327ff22d3b,aa5569b3ea9731a57504a49c7f1b86e6e6f02a2bce27acff5d4dae49b7c40d00,158,276,False,Original 144 training + 24 validation cases merged into requested 168-image training partition,train,train,proposed_training_partition
V0125.jpg,glaucoma,0.6222222222222222,1634,1634,REFUGE original validation,REFUGE-Validation400/REFUGE-Validation400/V0125.jpg,REFUGE-Validation400-GT/REFUGE-Validation400-GT/Disc_Cup_Masks/V0125.bmp,1977973878ea29784534fa25b214c3f16578158d9920ce79f93b56da3592be54,27d1d71e07bd1b51337d4cc031c3be582a674807bbccac715376074cf3e2bd34,812a40df059cb1780a9fca166ed3d827fe1ee471f2e1aee0e983401e097b3f2d,140,225,False,Original 144 training + 24 validation cases merged into requested 168-image training partition,train,train,proposed_training_partition
V0146.jpg,normal,0.3821138211382114,1634,1634,REFUGE original validation,REFUGE-Validation400/REFUGE-Validation400/V0146.jpg,REFUGE-Validation400-GT/REFUGE-Validation400-GT/Disc_Cup_Masks/V0146.bmp,cb7e1fa2b7242a6965515ab210f38e5417f45e2d8aa455ef5aba8dd0b5cc9f58,4e03909b0af42671e9480039ee0d5f6fdd84812da1b35d9a5e748690e6d9fad8,ac37abe8e3770afbe8f1adf18387a305d2bd04d7420af9346f346eee5742a423,94,246,False,Original 144 training + 24 validation cases merged into requested 168-image training partition,train,train,proposed_training_partition
V0148.jpg,normal,0.5065502183406113,1634,1634,REFUGE original validation,REFUGE-Validation400/REFUGE-Validation400/V0148.jpg,REFUGE-Validation400-GT/REFUGE-Validation400-GT/Disc_Cup_Masks/V0148.bmp,d1764ff86c90e73b6a1cd2f52a4e46ca5dd00a7e5dc9eb95218416b225e63d2a,07978a204d20e3182a9627fdb2658db42510b44ab401f7712ce31c3460a89ec3,93921ebdb027419ba7af1b2108b4c3fb4114cc2a7d850832d1115c96f0da39b9,116,229,False,Original 144 training + 24 validation cases merged into requested 168-image training partition,train,valid,proposed_training_partition
V0149.jpg,glaucoma,0.4645669291338583,1634,1634,REFUGE original validation,REFUGE-Validation400/REFUGE-Validation400/V0149.jpg,REFUGE-Validation400-GT/REFUGE-Validation400-GT/Disc_Cup_Masks/V0149.bmp,60ff9cb7c792c9c96a2c533532fec07289c3eb835626b4103bce5710b2931f6d,f2db02876dea9bb16b93cbf2c634ec84efc0786a92f8fc7d2832dfd4aea93550,8c99b198d8f2b407b54be3c2ebfcfb6409a418461de0f1e889bb25df0f8369c4,118,254,False,Original 144 training + 24 validation cases merged into requested 168-image training partition,train,valid,proposed_training_partition
V0159.jpg,glaucoma,0.7939914163090128,1634,1634,REFUGE original validation,REFUGE-Validation400/REFUGE-Validation400/V0159.jpg,REFUGE-Validation400-GT/REFUGE-Validation400-GT/Disc_Cup_Masks/V0159.bmp,5d9f7ca4bd4844758301544558a971292ff989b992b8dc63f44ba80e555f1e62,cdaccea362fff6513666281bfc38c7194d30e7efb9efca5175ab32e6afcd94cf,35d6c766e68894129d371e6b299809a4070d05dbdd67a38d85102e51df41368c,185,233,False,Original 144 training + 24 validation cases merged into requested 168-image training partition,train,train,proposed_training_partition
V0160.jpg,glaucoma,0.7265625,1634,1634,REFUGE original validation,REFUGE-Validation400/REFUGE-Validation400/V0160.jpg,REFUGE-Validation400-GT/REFUGE-Validation400-GT/Disc_Cup_Masks/V0160.bmp,22262d5a820d5e3bf00d9c376c6ea741ab97bc39004db9c5468b982b3a3a4068,854cdd1dd6af070f4b579103d6691250472bb60ddef3b7a7f2ca3e6495b16fd9,4390f6e8acd35d20088633e9a28557866f6ec54b5a55a5e8984a6a7889c6f953,186,256,False,Original 144 training + 24 validation cases merged into requested 168-image training partition,train,train,proposed_training_partition
V0165.jpg,normal,0.5674418604651162,1634,1634,REFUGE original validation,REFUGE-Validation400/REFUGE-Validation400/V0165.jpg,REFUGE-Validation400-GT/REFUGE-Validation400-GT/Disc_Cup_Masks/V0165.bmp,93d1126e8447ce30fd337143ee3a5de3521835d1da1da4999b4f0354ab3884e4,2574ecd055a39d07ff7cd46ae4d5733d6a2d2af7d82e6cd3ebff255c16372ef0,cbc55c73a34de7f797d182be933035db8386f26cdfe723f4927bd6945441daf9,122,215,False,Original 144 training + 24 validation cases merged into requested 168-image training partition,train,train,proposed_training_partition
V0171.jpg,glaucoma,0.6007751937984496,1634,1634,REFUGE original validation,REFUGE-Validation400/REFUGE-Validation400/V0171.jpg,REFUGE-Validation400-GT/REFUGE-Validation400-GT/Disc_Cup_Masks/V0171.bmp,774eae790339cfcc7bfb762c7f4c2915866553442473950f0f82eb4ed5a67b3f,ee98f6b2b3c927be457e4e091dd1f1e4c293b6cef9d69cde1208fca52d1574dc,6e11cf989979eeff7e71644fae557e8f765d911169e9b074a9794c62ee3f1abb,155,258,False,Original 144 training + 24 validation cases merged into requested 168-image training partition,train,train,proposed_training_partition
V0175.jpg,glaucoma,0.4979423868312757,1634,1634,REFUGE original validation,REFUGE-Validation400/REFUGE-Validation400/V0175.jpg,REFUGE-Validation400-GT/REFUGE-Validation400-GT/Disc_Cup_Masks/V0175.bmp,9b4d38aa88886da6f6b845e2ba91da6a24c5c0f21818d102c6601b254777b4bc,a92c1c2b0905223a53d3b3557540818be56efce75fa3f56c289e500000420a1b,657e89e4e077c0accf4a0833a7fd1f3c44607547c07828bac9196b1ac141d312,121,243,False,Original 144 training + 24 validation cases merged into requested 168-image training partition,train,train,proposed_training_partition
V0181.jpg,glaucoma,0.5128205128205128,1634,1634,REFUGE original validation,REFUGE-Validation400/REFUGE-Validation400/V0181.jpg,REFUGE-Validation400-GT/REFUGE-Validation400-GT/Disc_Cup_Masks/V0181.bmp,40ce6210cb0344d4a4e793ee9ba2b3dcd035bf5dc87b001f934a72d1a3b6ad90,e0c6627e91305869bdcd257b232ea136f6c5d6e8f5af3231ee33a76288fed58a,70b806111b19fc21dcf3df54aac54d2fa3d22021890937de0bb0ab42331f4bf4,160,312,False,Original 144 training + 24 validation cases merged into requested 168-image training partition,train,train,proposed_training_partition
V0186.jpg,normal,0.471042471042471,1634,1634,REFUGE original validation,REFUGE-Validation400/REFUGE-Validation400/V0186.jpg,REFUGE-Validation400-GT/REFUGE-Validation400-GT/Disc_Cup_Masks/V0186.bmp,98eb669a038ba15820c2e5450ea3ca0fcd4e950a1b9a49a94981c3637070d010,edb0c9c4304490088a0cbd9be5f814b50ed02acf877799768161de2256ccf75c,2538a6465a4a88494b724674449157638dabfdcc5f75dab3216cc540fd123000,122,259,False,Original 144 training + 24 validation cases merged into requested 168-image training partition,train,train,proposed_training_partition
V0190.jpg,normal,0.3855421686746988,1634,1634,REFUGE original validation,REFUGE-Validation400/REFUGE-Validation400/V0190.jpg,REFUGE-Validation400-GT/REFUGE-Validation400-GT/Disc_Cup_Masks/V0190.bmp,79fa2faca045cb7ec6bcb3053c7d38461dfb19343d87a03aad431a0a783f2361,d70e7b0851d9961be75de74296e8be67cecfb0f0204cff84174e6cefc2edca60,bea639d995d9006c382b6e15694563bd973859049e17e77c11f075416551fdf8,96,249,False,Original 144 training + 24 validation cases merged into requested 168-image training partition,train,train,proposed_training_partition
V0192.jpg,normal,0.5373134328358209,1634,1634,REFUGE original validation,REFUGE-Validation400/REFUGE-Validation400/V0192.jpg,REFUGE-Validation400-GT/REFUGE-Validation400-GT/Disc_Cup_Masks/V0192.bmp,7e697993848355ff96c1cd042c864970e2e3ec4e81a138a2f28eb41e1cd0138d,9754324c1ec0c9db9bf5686b2326589080ac3b8e1bcc204a6b01ed189ebbdecb,75d6b4c6207e1ee4838ad3237bbbdc65d2f528f749c7c27eb8c68d41a60f9c22,144,268,False,Original 144 training + 24 validation cases merged into requested 168-image training partition,train,train,proposed_training_partition
V0194.jpg,normal,0.4382022471910112,1634,1634,REFUGE original validation,REFUGE-Validation400/REFUGE-Validation400/V0194.jpg,REFUGE-Validation400-GT/REFUGE-Validation400-GT/Disc_Cup_Masks/V0194.bmp,05759a33c85eca2782149608308d08bcffb524486dd3c93e58c5dd951e4a1d98,7ce6a3fb09d3bea5b3e6d4f9e0297a468abd26a64934067a2de98b797954b483,938c5881f6cbbdc0d7c0515fbf6e45facba735ac9f7ba0cc482791cb938daab2,117,267,False,Original 144 training + 24 validation cases merged into requested 168-image training partition,train,train,proposed_training_partition
V0202.jpg,normal,0.5090252707581228,1634,1634,REFUGE original validation,REFUGE-Validation400/REFUGE-Validation400/V0202.jpg,REFUGE-Validation400-GT/REFUGE-Validation400-GT/Disc_Cup_Masks/V0202.bmp,ec608cc7e30d6396700ac596796c87a0be45b6eeb9dc80a59fe8993c25b350d3,21a310117739de90331ec72992023d1995b74eb377697d91f8c127e1d07a4de7,a4bdd97d880a2df0d2f9012c3c252d3d38e68ccd2fc1d606bdf8d1da3c4da4be,141,277,False,Original 144 training + 24 validation cases merged into requested 168-image training partition,train,train,proposed_training_partition
V0205.jpg,glaucoma,0.4627831715210356,1634,1634,REFUGE original validation,REFUGE-Validation400/REFUGE-Validation400/V0205.jpg,REFUGE-Validation400-GT/REFUGE-Validation400-GT/Disc_Cup_Masks/V0205.bmp,74c07f7f364afacacccbe65e41466f8377f73bff7a9d857ddf4d6b54d0df528c,dc1bf89d8101fb14cdf2ada852f8bec72a76d1c1e120da5ad48aae4c95963eac,657251cd9bd9a71dd798de9bdffc2d79f294b235d8f18c60c502612fd9425e1f,143,309,False,Original 144 training + 24 validation cases merged into requested 168-image training partition,train,train,proposed_training_partition
V0208.jpg,glaucoma,0.7429577464788732,1634,1634,REFUGE original validation,REFUGE-Validation400/REFUGE-Validation400/V0208.jpg,REFUGE-Validation400-GT/REFUGE-Validation400-GT/Disc_Cup_Masks/V0208.bmp,9905bc28b956b80f8ddc2b14c649e40d724fddfcfba87fe7cb5fd71ac1ff0578,372d775b232729cc86963b3df75b5cd220ee70c5b2ee11b7ccfe6a965aa19b7c,0290b10b9eea82da1e63175241dd4027470c8f7075f519ebdd328dcff60988ee,211,284,False,Original 144 training + 24 validation cases merged into requested 168-image training partition,train,valid,proposed_training_partition
V0214.jpg,glaucoma,0.5793357933579336,1634,1634,REFUGE original validation,REFUGE-Validation400/REFUGE-Validation400/V0214.jpg,REFUGE-Validation400-GT/REFUGE-Validation400-GT/Disc_Cup_Masks/V0214.bmp,b2a841ab89c675d26fe53ccbfd736c5fb1a109bc808217748bfb86cc2d092d1b,b00eb72aa57c9fda1ea9d005b290fe251dc5c22775cf7742d3c1885278d1373f,b3379f85cc0193210b5c5d74283bc132596af0cd9a7178ea567ae91872d6cb2e,157,271,False,Original 144 training + 24 validation cases merged into requested 168-image training partition,train,train,proposed_training_partition
V0216.jpg,glaucoma,0.623015873015873,1634,1634,REFUGE original validation,REFUGE-Validation400/REFUGE-Validation400/V0216.jpg,REFUGE-Validation400-GT/REFUGE-Validation400-GT/Disc_Cup_Masks/V0216.bmp,81e41be6f3cd78216518571d9960c1a0d165f0c52f2e6352ea35c34e4be24092,b4fc8a18acc1c4505c6563a7ba74be321d194ad0320ad254b645b8a2efbfcb40,942e17b8e29546e5dda99fd7bae6c251028c73545a61e3f2952407111cc3e0bc,157,252,False,Original 144 training + 24 validation cases merged into requested 168-image training partition,train,train,proposed_training_partition
V0218.jpg,normal,0.555984555984556,1634,1634,REFUGE original validation,REFUGE-Validation400/REFUGE-Validation400/V0218.jpg,REFUGE-Validation400-GT/REFUGE-Validation400-GT/Disc_Cup_Masks/V0218.bmp,ecb3aa9b7ee8768a52c0ec16cf06660ce200dcda3e1daeea4c55f17998addfbb,4d11efa8289d1657b25714aec8e5f5323d4521a978184e5a509640eafc7464eb,f34bd62f2200c86d4fe49c4a218f3baf7c035799f5c9b71b6be08e4e86f215f4,144,259,False,Original 144 training + 24 validation cases merged into requested 168-image training partition,train,valid,proposed_training_partition
V0226.jpg,glaucoma,0.5411764705882353,1634,1634,REFUGE original validation,REFUGE-Validation400/REFUGE-Validation400/V0226.jpg,REFUGE-Validation400-GT/REFUGE-Validation400-GT/Disc_Cup_Masks/V0226.bmp,b6b35df3ef0dd9a29e9ea90c21d3804d5d32686ad377751ee0c65d571c151cc9,a0f606f953735c8e8571d23a7169a484db1e1625c0b1aea044e23f53824b0271,755862b85678fb5b845e40abcc62ee36f1177933afd638f42d567c5266484e03,138,255,False,Original 144 training + 24 validation cases merged into requested 168-image training partition,train,train,proposed_training_partition
V0227.jpg,glaucoma,0.5016181229773463,1634,1634,REFUGE original validation,REFUGE-Validation400/REFUGE-Validation400/V0227.jpg,REFUGE-Validation400-GT/REFUGE-Validation400-GT/Disc_Cup_Masks/V0227.bmp,eda338a21385550bcd76a99535fadf25f340b6573ce706cab306426ffe84dbe4,c861e58cdfa79460b5ca3f7a8ef86ef31d7193a56f7dcdb4fbcc06691714ff65,17d50b78ca01600fe88b144608d6b90cc505bb4a61d29f770d70b64e2775f310,155,309,False,Original 144 training + 24 validation cases merged into requested 168-image training partition,train,train,proposed_training_partition
V0242.jpg,glaucoma,0.850828729281768,1634,1634,REFUGE original validation,REFUGE-Validation400/REFUGE-Validation400/V0242.jpg,REFUGE-Validation400-GT/REFUGE-Validation400-GT/Disc_Cup_Masks/V0242.bmp,d01ac1d5f21d802545f4768eb5d3f666b49f08c3bea51cb811856a4edc7b0056,78698b57436f46536b0678319597d7bfb872e844ebef935ec57a36c555fe6278,553597219bc9cbf43c3b5918f7b67d05f742de6859861f69ac3920dfb74e78a7,308,362,False,Original 144 training + 24 validation cases merged into requested 168-image training partition,train,train,proposed_training_partition
V0247.jpg,glaucoma,0.716,1634,1634,REFUGE original validation,REFUGE-Validation400/REFUGE-Validation400/V0247.jpg,REFUGE-Validation400-GT/REFUGE-Validation400-GT/Disc_Cup_Masks/V0247.bmp,c916db7318f04dfbb7aaf4fdd7d40b50afec45768770fb74eb213241ecee2c39,bc7ef90705dcf00419ced9e9da71b9897c9a9de642686c76ee62cc9e9a57e159,10c091050c46041d0cf17fc579069f6e80b04d55489175e8c27d106576914d89,179,250,False,Original 144 training + 24 validation cases merged into requested 168-image training partition,train,train,proposed_training_partition
V0252.jpg,glaucoma,0.5521739130434783,1634,1634,REFUGE original validation,REFUGE-Validation400/REFUGE-Validation400/V0252.jpg,REFUGE-Validation400-GT/REFUGE-Validation400-GT/Disc_Cup_Masks/V0252.bmp,e587b4ddfd6469d02167cb223e4f21de915b4d0d6bc8b77c51cbac3bb66d7e51,b295ada58ce4e315bfef1471efbb73c92d29d91e7728a5316d46117315161c74,dfc5a24706ce8bc4bccceb09448e11bfc958ec77566342cc250a8c3e78553bc6,127,230,False,Original 144 training + 24 validation cases merged into requested 168-image training partition,train,train,proposed_training_partition
V0264.jpg,normal,0.4347826086956521,1634,1634,REFUGE original validation,REFUGE-Validation400/REFUGE-Validation400/V0264.jpg,REFUGE-Validation400-GT/REFUGE-Validation400-GT/Disc_Cup_Masks/V0264.bmp,b31782e9bf0d83d1fbf796066d37e1985aacd50333afc320171997a3a3e2e8c8,ba54b27cbbbbdbb054cbd8ed57263421c422bbc5ebe7a919d427c1002dd24228,916d7c897fca9a73025434d95b97ae97d5b426487cf1ae30a6fa96a7d33d0061,120,276,False,Original 144 training + 24 validation cases merged into requested 168-image training partition,train,train,proposed_training_partition
V0269.jpg,normal,0.421875,1634,1634,REFUGE original validation,REFUGE-Validation400/REFUGE-Validation400/V0269.jpg,REFUGE-Validation400-GT/REFUGE-Validation400-GT/Disc_Cup_Masks/V0269.bmp,dbace9ffc641e5eb1cce05ac34bcccb04396d024da12dfb416c0a47d920f2a56,d1b0a5d84bddf9aa644c71e47f91be8e52affe70d4aa84958ca76d072db8db6e,7f350852f7d2d80ea447b986d90a4ab43bf26f5ad9866ddf3fb1770c3ec2826b,108,256,False,Original 144 training + 24 validation cases merged into requested 168-image training partition,train,train,proposed_training_partition
V0270.jpg,glaucoma,0.6145038167938931,1634,1634,REFUGE original validation,REFUGE-Validation400/REFUGE-Validation400/V0270.jpg,REFUGE-Validation400-GT/REFUGE-Validation400-GT/Disc_Cup_Masks/V0270.bmp,a69b5c384821e6046a6b3a3cc12675390b03fe03dd287b1fff7c930502c2a154,bd8c135f902a1618fdda9a875dcc0c2d409f4e728c4b0f7cfaf3add43b7c1485,10551592e9f0268604e5e01808a4ebeb02012f92b835c6a63ecf8b637ccc7478,161,262,False,Original 144 training + 24 validation cases merged into requested 168-image training partition,train,train,proposed_training_partition
V0271.jpg,glaucoma,0.737410071942446,1634,1634,REFUGE original validation,REFUGE-Validation400/REFUGE-Validation400/V0271.jpg,REFUGE-Validation400-GT/REFUGE-Validation400-GT/Disc_Cup_Masks/V0271.bmp,d0c38d9b4dc0c9262308504c76702e3d5f8b14dac3d64a52f2592a9bd34fa297,a28af550f566308cea41fd740fe3d226e6c9531131fc2e48d8a0afe1242db509,150d8201a1608c5f7b3328e2889339fcdf3270381b94a44a1627b5e6d93f3ef5,205,278,False,Original 144 training + 24 validation cases merged into requested 168-image training partition,train,valid,proposed_training_partition
V0272.jpg,normal,0.4858156028368794,1634,1634,REFUGE original validation,REFUGE-Validation400/REFUGE-Validation400/V0272.jpg,REFUGE-Validation400-GT/REFUGE-Validation400-GT/Disc_Cup_Masks/V0272.bmp,aa17135d271bff0bf2ef3e16b41bcbf6f2f0510d1875fd393e522feab518fd95,dae8b871ddf47b6128157260e46543d90cb19cc98969cbdd53867f3668ee0aa0,8aaa947ed654f39a71cfb65e506d4f2c6f86e5f3a5d4ada8c22ae2eed7aecbdd,137,282,False,Original 144 training + 24 validation cases merged into requested 168-image training partition,train,train,proposed_training_partition
V0274.jpg,normal,0.4641509433962264,1634,1634,REFUGE original validation,REFUGE-Validation400/REFUGE-Validation400/V0274.jpg,REFUGE-Validation400-GT/REFUGE-Validation400-GT/Disc_Cup_Masks/V0274.bmp,243f043ce2968513548d4a04fd57c9c255338acad4a1a17e0b0b815f3180d5fc,8fe148a90c4fff580e089e0b8cb61954bdfbf9d2ccfe2c5eb2e2dc835d8325a8,e8d6c7744f4bc4382e094879044b01add49fb669f6fc1e0a91964f8ea3143ee3,123,265,False,Original 144 training + 24 validation cases merged into requested 168-image training partition,train,train,proposed_training_partition
V0280.jpg,normal,0.5036764705882353,1634,1634,REFUGE original validation,REFUGE-Validation400/REFUGE-Validation400/V0280.jpg,REFUGE-Validation400-GT/REFUGE-Validation400-GT/Disc_Cup_Masks/V0280.bmp,6a7fdc32167afcce88e0d24118bbcc7a84399afd3b0e41756e07f86d0dc5373c,c6feaf6d57d29bceeec63290d667606d63d440a507879f64a5404de98e6edcc0,182b785a053ade761eb51070fc58e823cb981f1d41fc28c25a605746ed5a36e7,137,272,False,Original 144 training + 24 validation cases merged into requested 168-image training partition,train,train,proposed_training_partition
V0285.jpg,glaucoma,0.4705882352941176,1634,1634,REFUGE original validation,REFUGE-Validation400/REFUGE-Validation400/V0285.jpg,REFUGE-Validation400-GT/REFUGE-Validation400-GT/Disc_Cup_Masks/V0285.bmp,0acc8825d65033e160141f94995e342996f252389dffe6df3b63d882ebb76961,9736c0e67f043a7a98f4a2dfa49623e60b381889966e8010df7679b6544f411f,f61cc0da9b32b5d83ee37b85de49c98fe7841c87305170616d58b0d01acdcc30,120,255,False,Original 144 training + 24 validation cases merged into requested 168-image training partition,train,train,proposed_training_partition
V0287.jpg,normal,0.5776173285198556,1634,1634,REFUGE original validation,REFUGE-Validation400/REFUGE-Validation400/V0287.jpg,REFUGE-Validation400-GT/REFUGE-Validation400-GT/Disc_Cup_Masks/V0287.bmp,16964a4dc7a293b2000533fe634b13072c9332ca9bf26f27aaaebb714bc0373e,25ebaa3280dcdd4c172c20f1841292136e80aa16196bd4562341d8c32b03481a,842c29435c19e8e449bff5c8e6182b8e8bc26e238c21bea977fbc07daddc819f,160,277,False,Original 144 training + 24 validation cases merged into requested 168-image training partition,train,train,proposed_training_partition
V0298.jpg,normal,0.4398340248962655,1634,1634,REFUGE original validation,REFUGE-Validation400/REFUGE-Validation400/V0298.jpg,REFUGE-Validation400-GT/REFUGE-Validation400-GT/Disc_Cup_Masks/V0298.bmp,5e48b18167c2d7d7e582f1a519b3b6357c540a3f61a987cb9fd3a80cd4d2d69b,b5d92987aff34417a04e92baee56ae8ca2237a0875360c7ea32ab5f6c2d8c703,0937dc28df832a007ee50d92c1af22fc2bd763bb1941004ee953e10556c1cbfd,106,241,False,Original 144 training + 24 validation cases merged into requested 168-image training partition,train,train,proposed_training_partition
V0307.jpg,normal,0.5248868778280543,1634,1634,REFUGE original validation,REFUGE-Validation400/REFUGE-Validation400/V0307.jpg,REFUGE-Validation400-GT/REFUGE-Validation400-GT/Disc_Cup_Masks/V0307.bmp,eb817efe890efcd586be11685540452381280e2440ae91f7db52cdaeb1e7b909,f823345983f1aad749a0a1fbea87f4b0963a5b01e49eeeede7ea3363cb4a799d,35a63f56da96433caf28f38003e57460457d131d9817f27aedb62b53d82d032d,116,221,False,Original 144 training + 24 validation cases merged into requested 168-image training partition,train,train,proposed_training_partition
V0319.jpg,glaucoma,0.6126482213438735,1634,1634,REFUGE original validation,REFUGE-Validation400/REFUGE-Validation400/V0319.jpg,REFUGE-Validation400-GT/REFUGE-Validation400-GT/Disc_Cup_Masks/V0319.bmp,6da810bb8b5febd85728ff7306c11144ddee7750fe47f4e3f04013a415cb4d20,933d474173f6b9bc87c7613aa9554fd3f2b76795ea840729e9657b6386d47c8d,3fd4116af105b5817ac2ba5c2994c880b5e6b0b088049ba7d3469b9654210f64,155,253,False,Original 144 training + 24 validation cases merged into requested 168-image training partition,train,train,proposed_training_partition
V0330.jpg,normal,0.5318352059925093,1634,1634,REFUGE original validation,REFUGE-Validation400/REFUGE-Validation400/V0330.jpg,REFUGE-Validation400-GT/REFUGE-Validation400-GT/Disc_Cup_Masks/V0330.bmp,e424344888a5d7d1069cfc7aa5cb008a109340a99c34892407314cefd6940903,d4c88c0dc60dc93f3ef703b5c1c2a439a34d11e74d53c0e6148549fdb997c79c,52dedc40aee1ae98f3ae0a81ae9b82a4719b9dae6f868736b0608f3c9e82a864,142,267,False,Original 144 training + 24 validation cases merged into requested 168-image training partition,train,valid,proposed_training_partition
V0333.jpg,glaucoma,0.6016260162601627,1634,1634,REFUGE original validation,REFUGE-Validation400/REFUGE-Validation400/V0333.jpg,REFUGE-Validation400-GT/REFUGE-Validation400-GT/Disc_Cup_Masks/V0333.bmp,dafc7ff8f1aa1a778579331ef96b8229f5ba7268ad923760219b4d3dfffddb7c,e49b35133f514e526cd37ae573fbfbaf6e209cfd0cec08a6620b8c1aea9039c9,97df420390d97fa932efe459e5463a9cb21d0e0f78360b07463385ef0981cce6,148,246,False,Original 144 training + 24 validation cases merged into requested 168-image training partition,train,train,proposed_training_partition
V0335.jpg,normal,0.4545454545454545,1634,1634,REFUGE original validation,REFUGE-Validation400/REFUGE-Validation400/V0335.jpg,REFUGE-Validation400-GT/REFUGE-Validation400-GT/Disc_Cup_Masks/V0335.bmp,3d5cf4e33bb1e340db228b6143fdbcff68f6daa16d30b3b1697b5846ff099d30,c61b8b5d65b5ce3d3d60fe05a47d782a8a86ba5a37df58b6d4df06b4a48839e2,ec897bb900dfd1750dd4efea9e1615c7151d19a2b4c5f37e2b1c8e8d36168801,125,275,False,Original 144 training + 24 validation cases merged into requested 168-image training partition,train,train,proposed_training_partition
V0342.jpg,glaucoma,0.7386759581881533,1634,1634,REFUGE original validation,REFUGE-Validation400/REFUGE-Validation400/V0342.jpg,REFUGE-Validation400-GT/REFUGE-Validation400-GT/Disc_Cup_Masks/V0342.bmp,ddc5741f973caf92d8ac85ff97531c544c012d0eebbcc6b597162c705f963e4f,d0f41ef62a1086d64bf656d25c36a58b1cda2031bcfafd98df9b0118999556ff,21bc7053768ed72c891c482f3b795563b4056838d35e141f4579da12034f798f,212,287,False,Original 144 training + 24 validation cases merged into requested 168-image training partition,train,train,proposed_training_partition
V0344.jpg,glaucoma,0.65,1634,1634,REFUGE original validation,REFUGE-Validation400/REFUGE-Validation400/V0344.jpg,REFUGE-Validation400-GT/REFUGE-Validation400-GT/Disc_Cup_Masks/V0344.bmp,3751ddaf248b300550f8998287e8b05da130c14a76407bb6ca7934be33378568,49780aa669b0ade97789a30610fa6e207751c7e408402c942fe283e9ff5532ba,943f9c2c0e807a614255d0b7d22c47784d096053a7bc6a21a31588fb430cfac1,169,260,False,Original 144 training + 24 validation cases merged into requested 168-image training partition,train,train,proposed_training_partition
V0347.jpg,glaucoma,0.7729885057471264,1634,1634,REFUGE original validation,REFUGE-Validation400/REFUGE-Validation400/V0347.jpg,REFUGE-Validation400-GT/REFUGE-Validation400-GT/Disc_Cup_Masks/V0347.bmp,d10da7ca01e8fd8a31b33789c3ed99fc93658a93fcbca65c825a3396aff687c2,dc1d276e616abc7a50fdf10d05d4c6234e53e19adeb605920103dec3cb3977f1,7696564f34685c418aa552fddaaebedb3723c65d57c20da5586fb4737113995f,269,348,False,Original 144 training + 24 validation cases merged into requested 168-image training partition,train,train,proposed_training_partition
V0358.jpg,normal,0.5217391304347826,1634,1634,REFUGE original validation,REFUGE-Validation400/REFUGE-Validation400/V0358.jpg,REFUGE-Validation400-GT/REFUGE-Validation400-GT/Disc_Cup_Masks/V0358.bmp,afce19669ba085dd328f5e4ed021a9ad5bceb3f0fc1fc5e76befad06eee168b6,36a4fe83961c051b468657f47b624f70abaddd131a8bd4feaea958d02e4abfa3,ae778441160f990f6ce6d02f360d3edb81f246402dfe421a7874c22b09a239fc,132,253,False,Original 144 training + 24 validation cases merged into requested 168-image training partition,train,train,proposed_training_partition
V0369.jpg,normal,0.4026548672566372,1634,1634,REFUGE original validation,REFUGE-Validation400/REFUGE-Validation400/V0369.jpg,REFUGE-Validation400-GT/REFUGE-Validation400-GT/Disc_Cup_Masks/V0369.bmp,83ef964f89d7bf20d11904ea836c5de3da8be31867f028a43e5d8e910827d06d,fb0ef33c0635a56e2f6354afd0290bfa68f3402999ece113a2e7ed57ae85258a,089142c32d67898ad3cc4600c765beae9315afaae317ecdb2e80cbd8d7baf9b4,91,226,False,Original 144 training + 24 validation cases merged into requested 168-image training partition,train,train,proposed_training_partition
V0376.jpg,normal,0.524390243902439,1634,1634,REFUGE original validation,REFUGE-Validation400/REFUGE-Validation400/V0376.jpg,REFUGE-Validation400-GT/REFUGE-Validation400-GT/Disc_Cup_Masks/V0376.bmp,d583709d11fe275eeffffd1d4bee4f66fce35a5fd8dd12db2a2b86fe350cc0ec,38ad84d28e5358d55ec18d929c64011acd5e6b40936f5f4fe6792fdf8c7f65fb,a8b5b896720f4b63fd90916f5d5c3071929c07137228b68fdb49671339c770af,129,246,False,Original 144 training + 24 validation cases merged into requested 168-image training partition,train,train,proposed_training_partition
V0385.jpg,glaucoma,0.3755274261603376,1634,1634,REFUGE original validation,REFUGE-Validation400/REFUGE-Validation400/V0385.jpg,REFUGE-Validation400-GT/REFUGE-Validation400-GT/Disc_Cup_Masks/V0385.bmp,38463b4f714e451f77c6bbceef06c727d3073efe85633ae5f1579c077efdfe9f,0599c9d3dcbf2e6c16725b460dc4fccb95c47a919a62300ffa83562352c5b975,57d789a5fc2fff2bdbacbca178ef31c540e2b6c1279ec6ef994b54b2ada1ff6d,89,237,False,Original 144 training + 24 validation cases merged into requested 168-image training partition,train,valid,proposed_training_partition
V0387.jpg,glaucoma,0.668,1634,1634,REFUGE original validation,REFUGE-Validation400/REFUGE-Validation400/V0387.jpg,REFUGE-Validation400-GT/REFUGE-Validation400-GT/Disc_Cup_Masks/V0387.bmp,c04401efc76f3bc71af8fa36bc51ca2f389a7307812011f86141b4d7186c6723,2e8d8a1992629a2afb611648db2278962bb25a1541e41f764ba7036ccd3295c4,22df86a6a6d5e6350d9630a3e51e13d5820eed83d51958c3024ab708a9b96d59,167,250,False,Original 144 training + 24 validation cases merged into requested 168-image training partition,train,train,proposed_training_partition
V0388.jpg,normal,0.4122807017543859,1634,1634,REFUGE original validation,REFUGE-Validation400/REFUGE-Validation400/V0388.jpg,REFUGE-Validation400-GT/REFUGE-Validation400-GT/Disc_Cup_Masks/V0388.bmp,2a8546e95e5b78e525856ae1fcda069537073cc2283c9aeb7a5aa691a9d08c5b,5cfc8eb5af6ab8384e5c74ce8f743464fa0587779289b71f715998ba3bebea53,d2245ab688e07c75d07969d2cdf0c024b9e20d5aabc13420bea483b3caf2f0a2,94,228,False,Original 144 training + 24 validation cases merged into requested 168-image training partition,train,train,proposed_training_partition
V0392.jpg,normal,0.4640287769784172,1634,1634,REFUGE original validation,REFUGE-Validation400/REFUGE-Validation400/V0392.jpg,REFUGE-Validation400-GT/REFUGE-Validation400-GT/Disc_Cup_Masks/V0392.bmp,20f7b283d4b031686e692fa6c770ae550b648488b26ec30b3fee1cca39bc99d0,805e421ee68c426e185083dfa714d12157326db961cc2c994dc526f2e71a25c1,2f9138b8a91a15fe2c85b9f6a75bfcb8f02f83e941ac80fb93564c2a09c6ad1a,129,278,False,Original 144 training + 24 validation cases merged into requested 168-image training partition,train,train,proposed_training_partition
V0395.jpg,normal,0.4462809917355372,1634,1634,REFUGE original validation,REFUGE-Validation400/REFUGE-Validation400/V0395.jpg,REFUGE-Validation400-GT/REFUGE-Validation400-GT/Disc_Cup_Masks/V0395.bmp,a3a236c9f8afef6094bfa9fc3ac0e8574089d5748eda41d4f97fb692337c747e,8a804913049a99f24ba978396c6c496cac0aeb1ed83312eb3568866596cb77b9,820eaa3b12ce9c265cf310ac373c9ed856ad21031e13c60cd364b68015ca9c57,108,242,False,Original 144 training + 24 validation cases merged into requested 168-image training partition,train,valid,proposed_training_partition
V0399.jpg,normal,0.3529411764705882,1634,1634,REFUGE original validation,REFUGE-Validation400/REFUGE-Validation400/V0399.jpg,REFUGE-Validation400-GT/REFUGE-Validation400-GT/Disc_Cup_Masks/V0399.bmp,ea355ed81a664224c1d25f34c28ad7844e1e4e98100cf9e6bed7d4112c7176ff,e35e15bbde8ae2021ceb091ee244094b29de97e658978c832de19e604ea94fd9,7d8fe7156da10bd0def4c6c4db99c5102c8e57488b03eb2075697c16b8ffc3e1,84,238,False,Original 144 training + 24 validation cases merged into requested 168-image training partition,train,train,proposed_training_partition
g0004.jpg,glaucoma,0.667953667953668,2124,2056,REFUGE original training,REFUGE-Training400/Training400/Glaucoma/g0004.jpg,Annotation-Training400/Disc_Cup_Masks/Glaucoma/g0004.bmp,d4af6330e75793c060617b90900b528cb8e3e3cb12d7a286a1ee487f5dbda32c,e9f16cab79043114263f973e41d3e00595f312cd5d0622387baf064c529bd8d8,beb626d5a5444e1c913ecc0337db6b19ba80da6256e708af115a541fd25fc5d4,173,259,False,Original 144 training + 24 validation cases merged into requested 168-image training partition,train,train,proposed_training_partition
g0005.jpg,glaucoma,0.4390934844192634,2124,2056,REFUGE original training,REFUGE-Training400/Training400/Glaucoma/g0005.jpg,Annotation-Training400/Disc_Cup_Masks/Glaucoma/g0005.bmp,cc2b85df0bf65b66ad3f19876fb859548141f9a25eb2f7df74962bdba9cccb2d,89869edf04a60c2961f8d0e1f3c736c5b203b1c2d1874c45911990941e8ba0a7,c9b2c5187cff55d688025b4ff0d9a312bc99e881211846c0282f06f159c1849a,155,353,False,Original 144 training + 24 validation cases merged into requested 168-image training partition,train,train,proposed_training_partition
g0007.jpg,glaucoma,0.7725947521865889,2124,2056,REFUGE original training,REFUGE-Training400/Training400/Glaucoma/g0007.jpg,Annotation-Training400/Disc_Cup_Masks/Glaucoma/g0007.bmp,917ac4d90ddcbeb623c2386eb8b2fdd9dce857ab009986be3ada3bc8aa9908a7,8ba9d4f1238ac5ffa33dfb7be75d3ab111fb0edecd41d5f68f1750679621328d,e518339efde40e124845e2a3040f2216f9ccebc998f613a4b00da277570147f6,265,343,False,Original 144 training + 24 validation cases merged into requested 168-image training partition,train,train,proposed_training_partition
g0008.jpg,glaucoma,0.4609164420485175,2124,2056,REFUGE original training,REFUGE-Training400/Training400/Glaucoma/g0008.jpg,Annotation-Training400/Disc_Cup_Masks/Glaucoma/g0008.bmp,673df787ba9c1eeadb5a88287d08106f82575ebae656012e804f3b8ecde2bada,f0918c0899b50a9f33b9c9f92fbdbef7b5446d6cf666acdc82bd02c3c7a77138,0777d724c25537b36c0b0b6189a63f4b0b30c99b93cb160254c2f23024bdd59c,171,371,False,Original 144 training + 24 validation cases merged into requested 168-image training partition,train,train,proposed_training_partition
g0011.jpg,glaucoma,0.676737160120846,2124,2056,REFUGE original training,REFUGE-Training400/Training400/Glaucoma/g0011.jpg,Annotation-Training400/Disc_Cup_Masks/Glaucoma/g0011.bmp,b8318514145c17fa4d6cab4f89c180f8f2763a76a008fc06c33e68cdea6d507b,e6334e751bf3755e3cb5a55d32e1ffe811492805aed4518311a6f1fa20d0bb3f,c5896726f656c1ef7400557fd7059e924966de13cf6fec41c8936d8e2338d32e,224,331,False,Original 144 training + 24 validation cases merged into requested 168-image training partition,train,train,proposed_training_partition
g0012.jpg,glaucoma,0.4966216216216216,2124,2056,REFUGE original training,REFUGE-Training400/Training400/Glaucoma/g0012.jpg,Annotation-Training400/Disc_Cup_Masks/Glaucoma/g0012.bmp,c5c50685ee0986ded556d14aa14fbdaee83b0e8d94285c55e277d6117c181e7d,72af1e946825e4f66320d1cf2338fcd5ff9cbd78977794b865547495641acd8c,522c180489e0f15e88b002a4398f8fa8e717528b2a62e2dc180be6d572e493c8,147,296,False,Original 144 training + 24 validation cases merged into requested 168-image training partition,train,train,proposed_training_partition
g0013.jpg,glaucoma,0.5698924731182796,2124,2056,REFUGE original training,REFUGE-Training400/Training400/Glaucoma/g0013.jpg,Annotation-Training400/Disc_Cup_Masks/Glaucoma/g0013.bmp,405f1e8fc18074ed7d7b4024f8baa3a1ce60091a1d5d5b002a232a7dfbbe5d4a,e4f0a88c69829c413deca11c255f79f25524c6f7b4a2b6c278a378684888bacb,061f00500ea85e0693b40ed6426b6b970a8d1b02b3a1bd2bd5ba1faa5bd7456b,159,279,False,Original 144 training + 24 validation cases merged into requested 168-image training partition,train,train,proposed_training_partition
g0014.jpg,glaucoma,0.7774566473988439,2124,2056,REFUGE original training,REFUGE-Training400/Training400/Glaucoma/g0014.jpg,Annotation-Training400/Disc_Cup_Masks/Glaucoma/g0014.bmp,b88b802d6175c4242189177839b7e62591e981b8f78e6099cbc86d7b0389e6a5,7b194e6589ea6bfad8d5e3278551aff4a6a476756d0f7c81d5d9d141d493c995,163d729dde1ae19c7be201aa6d213dcb45e61465a02432dd25a988119ccd5e35,269,346,False,Original 144 training + 24 validation cases merged into requested 168-image training partition,train,train,proposed_training_partition
g0015.jpg,glaucoma,0.5118733509234829,2124,2056,REFUGE original training,REFUGE-Training400/Training400/Glaucoma/g0015.jpg,Annotation-Training400/Disc_Cup_Masks/Glaucoma/g0015.bmp,84e28ac76cb33ddf69c15a3dc4e6cb59a35405ed49a8dab011f3ef4bed5b932a,b0c884ed1abbfa3656f66686f96d08399d7e6a32c2446ade807d4806beb9c164,60e6c770fcb83546b4017134380fb22cf0bf7abc01f4c2fdd1befe82bb542dfe,194,379,False,Original 144 training + 24 validation cases merged into requested 168-image training partition,train,train,proposed_training_partition
g0016.jpg,glaucoma,0.7052980132450332,2124,2056,REFUGE original training,REFUGE-Training400/Training400/Glaucoma/g0016.jpg,Annotation-Training400/Disc_Cup_Masks/Glaucoma/g0016.bmp,2ca52279dd5f90b42bec0ec20f407e2af4daf22848b2cc29ffa38c8f37919e59,e4c96afa29544f79912821d529a72919eed1ede2918f1c1382056fde41b64f24,13786edcfd091b5fa61e60f3e91fd03a52c08bcbd45920c575870aae39bde970,213,302,False,Original 144 training + 24 validation cases merged into requested 168-image training partition,train,valid,proposed_training_partition
g0017.jpg,glaucoma,0.7028753993610224,2124,2056,REFUGE original training,REFUGE-Training400/Training400/Glaucoma/g0017.jpg,Annotation-Training400/Disc_Cup_Masks/Glaucoma/g0017.bmp,15cda5e3724a9dcf0aa46933165a6416d31f5ff4a64e987edce1de6fb3f7b77c,322ba2e37d4f6f6809a65cb09b6416596209c47da346b23caa28cf08f0086ebc,e18a79e3b6b4fe4b41a841fbc44a04758d2033a86f63d00228b4d921549f9456,220,313,False,Original 144 training + 24 validation cases merged into requested 168-image training partition,train,train,proposed_training_partition
g0020.jpg,glaucoma,0.5810276679841897,2124,2056,REFUGE original training,REFUGE-Training400/Training400/Glaucoma/g0020.jpg,Annotation-Training400/Disc_Cup_Masks/Glaucoma/g0020.bmp,ce051b06b5e165b161dfec328b0d533fc3dba2a3053b00287a88e7f67b3278d1,203b488e641f6c2148a47a915233acce88f49919ec338e7da83cc93c6a0e5135,c6625118a3b0dc73c08a1b1ddd4e0a577e56dbbdc06d84e1c2d93bfc7535e14d,147,253,False,Original 144 training + 24 validation cases merged into requested 168-image training partition,train,valid,proposed_training_partition
g0021.jpg,glaucoma,0.5615942028985508,2124,2056,REFUGE original training,REFUGE-Training400/Training400/Glaucoma/g0021.jpg,Annotation-Training400/Disc_Cup_Masks/Glaucoma/g0021.bmp,60e607428479cbb3a4a33ca616cf50406b2d353048158b288500b4c26702f60d,2d1e17d912f95c19a5814900cb5a792ac48c6128cfbd0cdfef372f67144aa67c,b42e3e0f513a8856d0bd4a1481428f2b8120353f4451abdfa2ffde318fdd83ad,155,276,False,Original 144 training + 24 validation cases merged into requested 168-image training partition,train,train,proposed_training_partition
g0022.jpg,glaucoma,0.5824175824175825,2124,2056,REFUGE original training,REFUGE-Training400/Training400/Glaucoma/g0022.jpg,Annotation-Training400/Disc_Cup_Masks/Glaucoma/g0022.bmp,bb903bd938036e229f6ceb6e18db1b1503157e5e6f8c2964994fb0e4a754a0cc,89186480cc014f4ab249f96353570d8b672101cf985e58889734e6e445991601,2f8a036c47f0d95bf23f4c41da39678f191491413b248cb95915c0cb5c4c909f,212,364,False,Original 144 training + 24 validation cases merged into requested 168-image training partition,train,train,proposed_training_partition
g0025.jpg,glaucoma,0.775,2124,2056,REFUGE original training,REFUGE-Training400/Training400/Glaucoma/g0025.jpg,Annotation-Training400/Disc_Cup_Masks/Glaucoma/g0025.bmp,304b6a60356dc35e42f26a5bb37f42071a4e63ac3ba1be62ac7ece777e8c1f34,986179cfb4021813bd98ac43c9f14b09d021c634a052f52e739d9520d0aec7f4,9e7584e61c29df12ad4b599c227d8e2b4bda7ffe5a6349dd4ba410f7f4c84c15,279,360,False,Original 144 training + 24 validation cases merged into requested 168-image training partition,train,train,proposed_training_partition
g0027.jpg,glaucoma,0.5595238095238095,2124,2056,REFUGE original training,REFUGE-Training400/Training400/Glaucoma/g0027.jpg,Annotation-Training400/Disc_Cup_Masks/Glaucoma/g0027.bmp,905d6146eff5866f2639a4175a1b6956c4f954e5fa250b31f6688b0605eca16d,1f060c9e8bcf77faaf7669fe8769245d4c98dd709d3edf1c2d8eef6065d2d048,586fc08f4d00bab523ba487a612e6062f23bd8ba6e756370bdc3ef49bd89695a,188,336,False,Original 144 training + 24 validation cases merged into requested 168-image training partition,train,train,proposed_training_partition
g0030.jpg,glaucoma,0.6585365853658537,2124,2056,REFUGE original training,REFUGE-Training400/Training400/Glaucoma/g0030.jpg,Annotation-Training400/Disc_Cup_Masks/Glaucoma/g0030.bmp,eb39cb0e2992959cad2943dc701d7ef51ff9393786eadfb280c4255b69d80905,819fa41860afe2d2f4e4457825aa7eb1d9d03f096c5bbb0a3d8f81a35c5dacf7,442473ad3611553e9adaf455978417d3645329b3eb59fa45173297d699a15424,216,328,False,Original 144 training + 24 validation cases merged into requested 168-image training partition,train,train,proposed_training_partition
g0032.jpg,glaucoma,0.569620253164557,2124,2056,REFUGE original training,REFUGE-Training400/Training400/Glaucoma/g0032.jpg,Annotation-Training400/Disc_Cup_Masks/Glaucoma/g0032.bmp,4a6726e735f26dedb4343621daf6fd8b281a517b6309442367a71424193459fc,0f355e51877272cd0e2694020dc5c63cce1db26afecb9e343f02185e6f341e31,23a73f8d831a113ea1c89d0a242d51cf2a2a58074696e69a1b4cab286ece5445,180,316,False,Original 144 training + 24 validation cases merged into requested 168-image training partition,train,train,proposed_training_partition
g0033.jpg,glaucoma,0.6343042071197411,2124,2056,REFUGE original training,REFUGE-Training400/Training400/Glaucoma/g0033.jpg,Annotation-Training400/Disc_Cup_Masks/Glaucoma/g0033.bmp,b9bda6ee1d268c5f1ddd9e865166e82bbb65a622fe2b16e3e167d403681acfcc,4608644192c277d561200b3b54b7c1548489f2cf88f9c1ae2bad90927313d149,1b1cd7c1f08ebc7223e529cacfe8a0ddb97f3fc3ce9e8686f8cb3703395f726d,196,309,False,Original 144 training + 24 validation cases merged into requested 168-image training partition,train,train,proposed_training_partition
g0034.jpg,glaucoma,0.8579088471849866,2124,2056,REFUGE original training,REFUGE-Training400/Training400/Glaucoma/g0034.jpg,Annotation-Training400/Disc_Cup_Masks/Glaucoma/g0034.bmp,182a245b7c49513d3af3626cd149e3fc794726e0bf71d5677f1cdfb6307273e3,8e6eb1faf1f69068666504249e8b81abc96dca189ddb202f964546439ca61572,15e91b9ff5566185bac050982573157ac0af47f6cc3663099d14e5fef62447fd,320,373,False,Original 144 training + 24 validation cases merged into requested 168-image training partition,train,train,proposed_training_partition
g0035.jpg,glaucoma,0.8318042813455657,2124,2056,REFUGE original training,REFUGE-Training400/Training400/Glaucoma/g0035.jpg,Annotation-Training400/Disc_Cup_Masks/Glaucoma/g0035.bmp,964328c23b260a7da29e6fa09d7963c9eed045aa5ddc442da0ee6bf6362f212a,4def5ea13734b80f57f35e696e50a703d02d3ce13820396fddba25f70aae1e18,fb1a1ec0c444b413505a3205907efc3dd0f2b85bb2681656552e96fb4d3bb59e,272,327,False,Original 144 training + 24 validation cases merged into requested 168-image training partition,train,train,proposed_training_partition
g0036.jpg,glaucoma,0.8,2124,2056,REFUGE original training,REFUGE-Training400/Training400/Glaucoma/g0036.jpg,Annotation-Training400/Disc_Cup_Masks/Glaucoma/g0036.bmp,1e9981a4161463478229e3b8ac67f5b1c78dc63960d20e5b25049f3a556aa1e1,fc379341a6ffc0b1307934703d0d6b75bed0ba21ea2a29d37f0d26a1bc140744,811b45004b969b56e366dc000f50dece023f12fcc229d050018bd173c597b6fe,268,335,False,Original 144 training + 24 validation cases merged into requested 168-image training partition,train,train,proposed_training_partition
g0037.jpg,glaucoma,0.5922619047619048,2124,2056,REFUGE original training,REFUGE-Training400/Training400/Glaucoma/g0037.jpg,Annotation-Training400/Disc_Cup_Masks/Glaucoma/g0037.bmp,a5b12910619a3544c838ea1da07edcac9c35d4b5b1ce1913b45918a6a81d638c,118a79e9b105dd38c2628b943f6564a36dd81ffcd097c99ddff6cc6bf51e2a3f,da078787588a658465b85becee898c118301409a3f349df7ce0cb54ab6df3f4d,199,336,False,Original 144 training + 24 validation cases merged into requested 168-image training partition,train,train,proposed_training_partition
g0039.jpg,glaucoma,0.5512820512820513,2124,2056,REFUGE original training,REFUGE-Training400/Training400/Glaucoma/g0039.jpg,Annotation-Training400/Disc_Cup_Masks/Glaucoma/g0039.bmp,72b52c52a29bca052f0727e4c09f1320d18f593ff5c7e0a740b34eca288b4299,cfcc08081292019f6ab94c8093c952cd955288928802e42fc5ffffcbd40c9140,739687972c0664391242fde999fa809f60b6e9c7165dff9380d9fcf92963952d,172,312,False,Original 144 training + 24 validation cases merged into requested 168-image training partition,train,train,proposed_training_partition
n0003.jpg,normal,0.4564459930313589,2124,2056,REFUGE original training,REFUGE-Training400/Training400/Non-Glaucoma/n0003.jpg,Annotation-Training400/Disc_Cup_Masks/Non-Glaucoma/n0003.bmp,57411ee659892ab9ff27f127eb7a220a6f2910342dfcee398ef7886c38c8ed8e,70ffb24ddd6b52336adb21c0d41887b45004010d80a06d47d79883121bd9cccb,714a2eb747e31f9d1dfe323aa8f0ae6554ed2eeba9661afa97590c61a0cc8d68,131,287,False,Original 144 training + 24 validation cases merged into requested 168-image training partition,train,train,proposed_training_partition
n0036.jpg,normal,0.4765342960288808,2124,2056,REFUGE original training,REFUGE-Training400/Training400/Non-Glaucoma/n0036.jpg,Annotation-Training400/Disc_Cup_Masks/Non-Glaucoma/n0036.bmp,a11b968f31b8e231dd1c94589117d6b24368cebe1c5651f451e5cbda24d24989,0fc7fde7073bf038d94c1c05cbe59060278716cc7612efc0b24674ab4f9e5871,5a4e3be93a75d52497568c44816e6257400b82c56bfdd44a83242a33ff0fc868,132,277,False,Original 144 training + 24 validation cases merged into requested 168-image training partition,train,train,proposed_training_partition
n0042.jpg,normal,0.4814814814814814,2124,2056,REFUGE original training,REFUGE-Training400/Training400/Non-Glaucoma/n0042.jpg,Annotation-Training400/Disc_Cup_Masks/Non-Glaucoma/n0042.bmp,2c6e947cdcea68297e5b1de77f0d0de78e142681d908e51e66a2ef5b9966f621,09cd49b4b1560f7b2f943494d546bfc846cd743b8472280eb370b3d04e38eee8,1d10290e6aa136657589fe71baa5a8751027e8d0d26cfe4df2ae4d73f789428c,156,324,False,Original 144 training + 24 validation cases merged into requested 168-image training partition,train,train,proposed_training_partition
n0059.jpg,normal,0.4779874213836478,2124,2056,REFUGE original training,REFUGE-Training400/Training400/Non-Glaucoma/n0059.jpg,Annotation-Training400/Disc_Cup_Masks/Non-Glaucoma/n0059.bmp,a6434c4799745a25c7fe9b640c883ad8a5d052ca980176c2b7a5255e40f7e59a,ea6e9b421efb55dc3b094eeb8d20c1ef5a2144463bef7f63e1df9ce265600471,5fa94c1c9ed89cf62aa4cbc2080e719e2e11fc14d25ed23bd3556a78f83d9cbd,152,318,False,Original 144 training + 24 validation cases merged into requested 168-image training partition,train,train,proposed_training_partition
n0075.jpg,normal,0.4444444444444444,2124,2056,REFUGE original training,REFUGE-Training400/Training400/Non-Glaucoma/n0075.jpg,Annotation-Training400/Disc_Cup_Masks/Non-Glaucoma/n0075.bmp,40cf937ee9999e66b2ee00107f369b24c0898856ddec1365a91613b19a4b5484,0b91816f96810f1ccf7bb056f1789fd06e09a77939482b5fa14f39bbc733f096,c12a99cd12d7e9c705440738d5ed92dd29d7288087c0fc83e1bfd9b016b83dbb,132,297,False,Original 144 training + 24 validation cases merged into requested 168-image training partition,train,train,proposed_training_partition
n0113.jpg,normal,0.575,2124,2056,REFUGE original training,REFUGE-Training400/Training400/Non-Glaucoma/n0113.jpg,Annotation-Training400/Disc_Cup_Masks/Non-Glaucoma/n0113.bmp,26ecbf1698a537a1e955ac68c3690883d9852e929683e4b66c300df4147fd227,742de2de1d4b4f97c88aa53fb5e71c2dee9f6a68d0c38f878169b41315801f3b,fba34f6236d171c44e8e7387c58bba2e59ecd87c441c42757c16385b84cdcbad,161,280,False,Original 144 training + 24 validation cases merged into requested 168-image training partition,train,train,proposed_training_partition
n0118.jpg,normal,0.4393442622950819,2124,2056,REFUGE original training,REFUGE-Training400/Training400/Non-Glaucoma/n0118.jpg,Annotation-Training400/Disc_Cup_Masks/Non-Glaucoma/n0118.bmp,6b0377398718b9d43d6aec7b9c93f608630af6b87b35790d8a223df98b1fd99c,f9b4eb610b194c9799f7ee7dffa32f0e582c0eb16910dd03745f37a09cdb1bf4,07d1ec907935d4169285a69f27b14e918de588a3fa0ce9bdda8b7f1934825841,134,305,False,Original 144 training + 24 validation cases merged into requested 168-image training partition,train,train,proposed_training_partition
n0127.jpg,normal,0.5384615384615384,2124,2056,REFUGE original training,REFUGE-Training400/Training400/Non-Glaucoma/n0127.jpg,Annotation-Training400/Disc_Cup_Masks/Non-Glaucoma/n0127.bmp,fceee6b6df268e18c197c01f7aab07ee38bf30b48389bce12907fef6aeb03336,c8d151de41acf3acfb43f1278ba449a12a07b60356adfcdd47d850ccbf9322b0,638c0a5cc67af73dd91dfb1ca81b7765bd966b0af9ff583d25c7b43be8f8c948,196,364,False,Original 144 training + 24 validation cases merged into requested 168-image training partition,train,train,proposed_training_partition
n0136.jpg,normal,0.4472843450479233,2124,2056,REFUGE original training,REFUGE-Training400/Training400/Non-Glaucoma/n0136.jpg,Annotation-Training400/Disc_Cup_Masks/Non-Glaucoma/n0136.bmp,db60d40693a1e7efa34f5b373f3f215bebe8c8dd5fda71b728071413ebfa8899,f083f883f977774beff8d5fe5b61f6fc2d0ae95b9a4a7f2dd1877162b564e763,9da4e35fbf7a797072e83ff4154678a14b995243192f270685d0fc86d7225483,140,313,False,Original 144 training + 24 validation cases merged into requested 168-image training partition,train,train,proposed_training_partition
n0138.jpg,normal,0.4605263157894737,2124,2056,REFUGE original training,REFUGE-Training400/Training400/Non-Glaucoma/n0138.jpg,Annotation-Training400/Disc_Cup_Masks/Non-Glaucoma/n0138.bmp,88a127659a738eaeea1d7b50b114a151cbf5cdef14d623329fcb48a0724d9c32,bfefa1f825c803800d8616a8f12a48929d9e152d0b54d1c6de48a365835456e5,832ec2ae2b3a4604dfc026f0266c27297049d60c4db01c4538254abd77dc431a,140,304,False,Original 144 training + 24 validation cases merged into requested 168-image training partition,train,valid,proposed_training_partition
n0153.jpg,normal,0.5073313782991202,2124,2056,REFUGE original training,REFUGE-Training400/Training400/Non-Glaucoma/n0153.jpg,Annotation-Training400/Disc_Cup_Masks/Non-Glaucoma/n0153.bmp,5b10b3b8b4700fc858611ba01313fafa851ade5327eab4835b5eb55d8bbd0dd1,91c375f8669c0f01cededc08b7c0d3510fddc5d3d04a36fdb763d00652f62d82,af8364a52ae90e7f6e7af0e95f8d1575e150ec54c0fe291f46c097673cdd21a5,173,341,False,Original 144 training + 24 validation cases merged into requested 168-image training partition,train,train,proposed_training_partition
n0158.jpg,normal,0.5,2124,2056,REFUGE original training,REFUGE-Training400/Training400/Non-Glaucoma/n0158.jpg,Annotation-Training400/Disc_Cup_Masks/Non-Glaucoma/n0158.bmp,e88eace7df60949b0465bbd90d3466e4832f9568367f1acc38948f91faa222d5,51966e99fe71c132d1a1b9bc1aa66b9609b1534fe5e460183442cc7f29223f0a,2d03b2b8fdb244dbdab007b10a6b55b00170aa71d8b0b63b5238d6c96e88c687,152,304,False,Original 144 training + 24 validation cases merged into requested 168-image training partition,train,valid,proposed_training_partition
n0167.jpg,normal,0.5045592705167173,2124,2056,REFUGE original training,REFUGE-Training400/Training400/Non-Glaucoma/n0167.jpg,Annotation-Training400/Disc_Cup_Masks/Non-Glaucoma/n0167.bmp,7b7633c145a0096d5e278ccf97ec5df123ec001d36eb0ef1dfb90ab340f4a570,dd5f6f0fa249b4adb58a2e2275d3f7519bd5e1aa2636eba9c32df2164f7e2ce1,571d951b3c099a6f56d52b8cfce7068cd77fd7095aaaa336b753d4e505379a98,166,329,False,Original 144 training + 24 validation cases merged into requested 168-image training partition,train,train,proposed_training_partition
n0169.jpg,normal,0.3983050847457627,2124,2056,REFUGE original training,REFUGE-Training400/Training400/Non-Glaucoma/n0169.jpg,Annotation-Training400/Disc_Cup_Masks/Non-Glaucoma/n0169.bmp,d30ba690332eb9d88b95c7f0f79b1bd6702b4c812705237e4de1fc37957b60b2,43155124009835fd5ade02db593ff3027d739893af013f30e83346560b167bce,92bc308fa276b49ab846f3dd1385d11258ef51d167e755cf3214d3263a517ade,141,354,False,Original 144 training + 24 validation cases merged into requested 168-image training partition,train,train,proposed_training_partition
n0186.jpg,normal,0.3967213114754098,2124,2056,REFUGE original training,REFUGE-Training400/Training400/Non-Glaucoma/n0186.jpg,Annotation-Training400/Disc_Cup_Masks/Non-Glaucoma/n0186.bmp,60ba1ea9bd7094570e6ebde0e1e7f093fdd5ae111243a28cda82100d5136dd96,d6dff49915f46bac58a77836a5a66443bbc80ba517008c8b5b9ab268421189d7,0ba11c64360084b7f99ab9a64ec2659147e42cac4f62940933a1e7411b650978,121,305,False,Original 144 training + 24 validation cases merged into requested 168-image training partition,train,train,proposed_training_partition
n0199.jpg,normal,0.4293785310734463,2124,2056,REFUGE original training,REFUGE-Training400/Training400/Non-Glaucoma/n0199.jpg,Annotation-Training400/Disc_Cup_Masks/Non-Glaucoma/n0199.bmp,1e69c57468e95ed8bb97a9924dc66259a31972673b897a9a1540828720d3e713,f49667f6e5a7f3136872308f9ed5ed0abd3a0a14bedb2af7f1177e96deec4a3d,edbaaea762ab1a5a763041c785ee60df016d808cb29cd9b9337a678ae1634f02,152,354,False,Original 144 training + 24 validation cases merged into requested 168-image training partition,train,train,proposed_training_partition
n0202.jpg,normal,0.4126074498567335,2124,2056,REFUGE original training,REFUGE-Training400/Training400/Non-Glaucoma/n0202.jpg,Annotation-Training400/Disc_Cup_Masks/Non-Glaucoma/n0202.bmp,254c6016c140bea9d419c3e9211c6c111461162cd663e2519c1d20a506164cd0,d00a9e768d44e18b189ee1dbc6b091016a5ae290442835a66a60f9c9324626cb,3671de6fd1894155b34c8c2d9ef4c4c45bc2e6ef752db997fe218f71347171b6,144,349,False,Original 144 training + 24 validation cases merged into requested 168-image training partition,train,train,proposed_training_partition
n0218.jpg,normal,0.5784615384615385,2124,2056,REFUGE original training,REFUGE-Training400/Training400/Non-Glaucoma/n0218.jpg,Annotation-Training400/Disc_Cup_Masks/Non-Glaucoma/n0218.bmp,ccf232a187abdde2736a24e90b92889020fd393a521ad9122b6cd1c99866df7e,65b3150114326f9a41a194d80a22f33a43f884d4b4ed4ef537740971f651e5ee,9518c0e17bf62f1e40865cb4a9658101aa9ab5119286e5054189ce07e9df6fc3,188,325,False,Original 144 training + 24 validation cases merged into requested 168-image training partition,train,train,proposed_training_partition
n0267.jpg,normal,0.4705882352941176,2124,2056,REFUGE original training,REFUGE-Training400/Training400/Non-Glaucoma/n0267.jpg,Annotation-Training400/Disc_Cup_Masks/Non-Glaucoma/n0267.bmp,262d68b3962f8a098593eecfcb7b99472023757998726c65cafdbb01c42fee71,23073429c48574f5899dbfe621a27718384f7f93762d16a2cce74cbc7cbcff8c,f5a53daa9ce9525b6ee4058abf1ecbe92c532a1cbe70291163e86af5d7afc4b6,144,306,False,Original 144 training + 24 validation cases merged into requested 168-image training partition,train,train,proposed_training_partition
n0268.jpg,normal,0.4337748344370861,2124,2056,REFUGE original training,REFUGE-Training400/Training400/Non-Glaucoma/n0268.jpg,Annotation-Training400/Disc_Cup_Masks/Non-Glaucoma/n0268.bmp,f50e90e6c1516d3aa14886a85c510f709a0af25d12729ff7030420c676d1352c,cf9e5676c6e29f365d952f7aba244e8a9a0d16cdba39f3816a4b248ac4cd8b38,856bddc96796d118b7f6a2437d7ff448458eb7ec1078e709cde751fb3f033965,131,302,False,Original 144 training + 24 validation cases merged into requested 168-image training partition,train,train,proposed_training_partition
n0271.jpg,normal,0.6139705882352942,2124,2056,REFUGE original training,REFUGE-Training400/Training400/Non-Glaucoma/n0271.jpg,Annotation-Training400/Disc_Cup_Masks/Non-Glaucoma/n0271.bmp,cd36648ebbe8fca715cae5df2b86d1d454ba7687935ecac6079da168477d52b1,2d64aeb9dd8a5b39b6fc1716e3f39917dd755bc90a8a4eddc93683e1b4b286d5,36abc0566ffa36f99e85504c6d9512fe2bebcce2cd138bbcbb851774c867c3fe,167,272,False,Original 144 training + 24 validation cases merged into requested 168-image training partition,train,train,proposed_training_partition
n0288.jpg,normal,0.5746753246753247,2124,2056,REFUGE original training,REFUGE-Training400/Training400/Non-Glaucoma/n0288.jpg,Annotation-Training400/Disc_Cup_Masks/Non-Glaucoma/n0288.bmp,8c01c5cd422ac2440c92de99f2d28396f8b2e482522e2795dde0a0e64b5b16d5,cbecbe918419a46a146d3fc8b9c578d70c1dac1518ffb4c941b7875c9c75eb7b,feeeebdbaa574cef440a832645acaa17ce99651210d572f1ed7bc3115afc417d,177,308,False,Original 144 training + 24 validation cases merged into requested 168-image training partition,train,train,proposed_training_partition
n0303.jpg,normal,0.5512048192771084,2124,2056,REFUGE original training,REFUGE-Training400/Training400/Non-Glaucoma/n0303.jpg,Annotation-Training400/Disc_Cup_Masks/Non-Glaucoma/n0303.bmp,959e36c4a68fd86cfd8b27fc3c0cca679d901df03ec10feff3c2e97e4063ca5f,1483fee604b987852997b34e099b75f89cc1d251f1c8a2e52703365470e3ad44,179dd03bef8424331feacd506d57aebacc9bbd5e82052f44daa60344c7dc049e,183,332,False,Original 144 training + 24 validation cases merged into requested 168-image training partition,train,train,proposed_training_partition
n0333.jpg,normal,0.5484949832775919,2124,2056,REFUGE original training,REFUGE-Training400/Training400/Non-Glaucoma/n0333.jpg,Annotation-Training400/Disc_Cup_Masks/Non-Glaucoma/n0333.bmp,47d10c0e3e648c67e75cb61f9c45ecccbc9fffa41754905eac6255ec548f5ed2,2186c05850d773167c0d92459f0dd744b8c4f09a960cd4312a505cc233ce0e05,2225f719dc2327196995aa49007df33ffd9fc157fde9aceadeaa10c81daafa0d,164,299,False,Original 144 training + 24 validation cases merged into requested 168-image training partition,train,train,proposed_training_partition
n0338.jpg,normal,0.4447674418604651,2124,2056,REFUGE original training,REFUGE-Training400/Training400/Non-Glaucoma/n0338.jpg,Annotation-Training400/Disc_Cup_Masks/Non-Glaucoma/n0338.bmp,e21a202a9e4f16bf961c4faaa90ab619f4765cc075ed96633e65827775cf4cf5,13b21e3669f26e6586bc00fc248c735d33d3c7be62241ca34b2fe57057c2d9bd,097525284cbfe28701ce4fbbb45051a89d126fa7c45113797c6d45d45cb75344,153,344,False,Original 144 training + 24 validation cases merged into requested 168-image training partition,train,train,proposed_training_partition
n0348.jpg,normal,0.3982558139534883,2124,2056,REFUGE original training,REFUGE-Training400/Training400/Non-Glaucoma/n0348.jpg,Annotation-Training400/Disc_Cup_Masks/Non-Glaucoma/n0348.bmp,03731579bcc1fc6b0da09be505a825945fdc90a3a034c8a8706f2b6b1b5128b1,d4f7c3f3e22499b249156a2e79e435401ae90ab837e3f7a4b21d5802c16b3093,755c5bec8abf45a304814ad9b76b9435710d1a9afb96fa0cd4ca805c53aed5cc,137,344,False,Original 144 training + 24 validation cases merged into requested 168-image training partition,train,train,proposed_training_partition
n0360.jpg,normal,0.4013157894736842,2124,2056,REFUGE original training,REFUGE-Training400/Training400/Non-Glaucoma/n0360.jpg,Annotation-Training400/Disc_Cup_Masks/Non-Glaucoma/n0360.bmp,c8abae6aa3ba8370709f61346e3ecd33ba69a835286cb0f4f5710ac8283e1679,13fddd4cbf8d0220538084f8ad519c3489ff34311d186f3fe6ddd4faf390859c,1b2b74f5bdc7b254782b3d61ebac013f1f67ff4338ad808f62db4c0e4b46c8f6,122,304,False,Original 144 training + 24 validation cases merged into requested 168-image training partition,train,train,proposed_training_partition
